GCF_003627095_1,GCF_024346755_1,GCF_003086355_1,GCF_001437055_1,LR2,GCF_000014445_1,GCF_026913205_2,LF4,OT2,GCF_016756395_1,GCF_003124125_1,GCF_001891125_1,GCF_000766055_1,GCF_002217925_1,GCF_024029355_1,GCF_014202895_1,GCF_036884295_1,GCF_030389495_1,GCF_002583405_1,PF3,FF1,GCF_000785105_2,LF5,GCF_027627435_1,GCF_900187085_1,GCF_039521485_1,GCF_000148585_2,GCF_000002765_6,GCF_000092505_1,PF1,GCF_900187315_1,GCF_006385785_1,GCF_003534205_1,GCF_002982135_1,GCF_000423245_1,LF1,GCF_029726355_1,GCF_016127255_1,VC2,GCF_003955755_1,GCF_042466515_1,GCF_002087075_1,GCF_043386705_1,GCF_005341425_1,GCF_000621645_1,GCF_018314255_1,GCF_000940995_1,GCF_015689475_1,GCF_900475625_1,GCF_002278095_1,OT3,GCF_014131735_1,GCF_020735385_1,GCF_001457635_1,GCF_004358325_1,GCF_006385165_1,GCF_019703835_1,GCF_018987235_1,GCF_003626515_1,GCF_947539765_1,LR1,GCF_963580325_1,GCF_029023865_1,GCF_000196855_1,GCF_003258605_2,GCF_000214015_3,GCF_001932615_1,VC3,GCF_008326545_1,GCF_023746615_1,GCF_963243745_1,GCF_900637025_1,LW1,LF2,GCF_000010005_1,LM1,GCF_003641185_1,GCF_900111135_1,GCF_000696385_1,GCF_001434895_1,GCF_024029675_1,GCF_900187225_1,GCF_000493735_1,GCF_002706375_1,GCF_006965445_1,GCF_030770295_1,PF2,GCF_019977755_1,LF3,GCF_900637745_1,GCF_014397255_1,GCF_000237995_1,GCF_000831645_3,GCF_001832905_1,GCF_002706705_1,GCF_902362235_1,GCF_001761545_1,GCF_024543085_1,OT1,GCF_039830095_1,VC1,GCF_016127815_1,GCF_003627155_1,GCF_024029435_1,GCF_900475715_1,GCF_024347135_1,GCF_025150565_1,GCF_030770265_1,GCF_024298965_1
1.0,0.0,0.7943318052184721,0.0,0.0,0.0,0.0,0.0,0.0,0.0,0.0,0.0,0.0,0.0,0.0,0.7975897428462312,0.7757209241896372,0.0,0.0,0.0,0.8059124638257273,0.0,0.0,0.0,0.7943827484326188,0.0,0.8077691358526998,0.0,0.0,0.0,0.0,0.8063200970621462,0.0,0.0,0.0,0.0,0.0,0.0,0.0,0.0,0.0,0.8059826493127262,0.0,0.0,0.0,0.0,0.0,0.0,0.0,0.0,0.0,0.0,0.0,0.8061290470803495,0.0,0.7968073791801903,0.0,0.0,0.8076475586370067,0.0,0.0,0.0,0.855860886452678,0.0,0.0,0.0,0.0,0.0,0.0,0.0,0.0,0.8074233145258776,0.0,0.0,0.0,0.0,0.0,0.0,0.0,0.0,0.0,0.0,0.0,0.0,0.9485692299477018,0.0,0.0,0.0,0.0,0.0,0.0,0.0,0.0,0.795201838815408,0.0,0.0,0.0,0.0,0.0,0.0,0.0,0.0,0.8145100875638842,0.0,0.8040628081532476,0.0,0.0,0.0,0.0
0.0,1.0,0.0,0.0,0.0,0.0,0.0,0.0,0.0,0.0,0.0,0.0,0.0,0.0,0.0,0.0,0.0,0.0,0.0,0.0,0.0,0.0,0.0,0.0,0.0,0.0,0.0,0.0,0.0,0.0,0.0,0.0,0.0,0.0,0.0,0.0,0.0,0.0,0.8245633608763192,0.0,0.0,0.0,0.0,0.0,0.820285787521709,0.0,0.7980475819549248,0.0,0.0,0.0,0.0,0.0,0.0,0.0,0.0,0.0,0.7982278595227377,0.0,0.0,0.0,0.0,0.0,0.0,0.0,0.0,0.0,0.0,0.8245605582028127,0.0,0.7983447857682893,0.0,0.0,0.0,0.0,0.0,0.0,0.0,0.0,0.8201522938245805,0.0,0.0,0.0,0.0,0.0,0.0,0.0,0.0,0.8158437555635534,0.0,0.0,0.0,0.0,0.0,0.0,0.0,0.0,0.0,0.0,0.0,0.0,0.8229951220542109,0.0,0.0,0.0,0.0,0.8243439524973849,0.0,0.0,0.0
0.7943318052184721,0.0,1.0,0.0,0.0,0.0,0.0,0.0,0.0,0.0,0.0,0.0,0.0,0.0,0.0,0.0,0.0,0.0,0.0,0.0,0.8151425150513841,0.0,0.0,0.0,0.7783884570011772,0.0,0.817152378555548,0.0,0.0,0.0,0.0,0.8155828985196472,0.0,0.0,0.0,0.0,0.0,0.0,0.0,0.0,0.0,0.8152183048941375,0.0,0.0,0.0,0.0,0.0,0.0,0.0,0.0,0.0,0.0,0.781463260753715,0.8153764386983956,0.0,0.809097618411357,0.0,0.0,0.8170204487961337,0.0,0.0,0.0,0.7773063854321778,0.0,0.0,0.0,0.0,0.0,0.0,0.0,0.0,0.8167772305422966,0.0,0.0,0.0,0.0,0.0,0.0,0.0,0.0,0.0,0.0,0.0,0.0,0.7949449157069484,0.0,0.0,0.0,0.0,0.7751183860967783,0.0,0.0,0.0,0.8073547153459619,0.0,0.0,0.0,0.0,0.0,0.0,0.0,0.0,0.8163037308914194,0.0,0.8131501763138755,0.0,0.0,0.0,0.0
0.0,0.0,0.0,1.0,0.8264189995488234,0.7845123647919187,0.0,0.8259320821969529,0.0,0.0,0.7847873407207923,0.784635722501928,0.0,0.7990224257165255,0.8070595890643061,0.0,0.7810325568868098,0.7882247175265479,0.7984875083287744,0.0,0.0,0.0,0.8267756466124047,0.0,0.0,0.7875889813611937,0.0,0.0,0.7839714970328892,0.0,0.0,0.0,0.0,0.7835735404864005,0.788877297212494,0.826673244010874,0.795659288385001,0.7841325076561491,0.0,0.0,0.0,0.0,0.8240780272811186,0.8280295115067392,0.0,0.7816875854461127,0.0,0.0,0.8100258303300628,0.0,0.0,0.7777998247697209,0.0,0.0,0.8073947088645864,0.0,0.0,0.0,0.0,0.777235255590837,0.8266149099696586,0.789024691632227,0.0,0.7846632198139867,0.0,0.0,0.7837385706292752,0.0,0.7867436302529212,0.0,0.8086189601564349,0.0,0.0,0.8266221945249801,0.8206716930531394,0.7846563425945868,0.7758212244174136,0.7837650789587562,0.0,0.8079789259589593,0.8062271204006236,0.0,0.0,0.0,0.0,0.7954721000323307,0.0,0.0,0.8175088374173297,0.0,0.7866390437174531,0.7847873407207923,0.0,0.0,0.7792934812414996,0.0,0.0,0.7828987107691668,0.0,0.0,0.0,0.7843420578931989,0.0,0.8065900241587753,0.0,0.0,0.0,0.7959726226540833,0.0
0.0,0.0,0.0,0.8264189995488234,1.0,0.7822295382382043,0.0,0.817654880989875,0.0,0.0,0.7824799098248646,0.7823418882663179,0.0,0.7969596358119966,0.8042589293257079,0.0,0.7790408166353945,0.7855883685768649,0.7788557355639326,0.0,0.0,0.0,0.8184177326618722,0.0,0.0,0.7850165401378851,0.0,0.0,0.7817363601523124,0.0,0.0,0.0,0.0,0.0,0.7861738347027264,0.8107662585217067,0.7938479983838848,0.7818832712749337,0.0,0.0,0.0,0.0,0.7979285088748853,0.8119773022418852,0.0,0.7796438311396562,0.0,0.0,0.7797673722360152,0.7831237459675409,0.0,0.7760472208415311,0.0,0.0,0.7774236956647135,0.0,0.0,0.7818280760293734,0.0,0.7755215602668128,0.9695925998945772,0.7863058553480045,0.0,0.7823669252117492,0.0,0.0,0.7815236861586592,0.0,0.784253963746209,0.0,0.7785164676591695,0.0,0.0,0.8107205649888231,0.9696581444015078,0.7823606635712869,0.7742014639564103,0.7992198182145306,0.0,0.795536120247392,0.8035128536690791,0.0,0.0,0.799891411411359,0.0,0.7936739311444563,0.0,0.0,0.8024478194876894,0.0,0.7841594459244107,0.7824799098248646,0.0,0.0,0.7774339233763944,0.8291055296956269,0.0,0.7807554479353163,0.0,0.0,0.0,0.799758172016977,0.0,0.8038384004338034,0.0,0.0,0.0,0.7941391689766822,0.0
0.0,0.0,0.0,0.7845123647919187,0.7822295382382043,1.0,0.0,0.7818097052885731,0.0,0.0,0.78239198782253,0.9554008692572011,0.0,0.7792603759266608,0.7863721326293927,0.0,0.7789644362818717,0.0,0.778779932880796,0.0,0.0,0.0,0.7825365985113549,0.0,0.0,0.0,0.0,0.0,0.8850169048740372,0.0,0.0,0.0,0.0,0.7989549308293695,0.7860716402146052,0.7824484728045328,0.7937782248405745,0.8705160353831999,0.0,0.0,0.0,0.0,0.0,0.7836130464121434,0.0,0.8076880193434135,0.0,0.0,0.779688682733193,0.0,0.0,0.8039728043906074,0.0,0.0,0.7949292717011429,0.0,0.0,0.0,0.0,0.7754554683961049,0.7823982574915087,0.8280988426858761,0.7790572150786608,0.8451916751935744,0.0,0.0,0.846656903721104,0.0,0.8575253321373012,0.0,0.77844171293635,0.0,0.0,0.7824045287686231,0.7823857197608756,0.9962295963734925,0.7741388743716436,0.781463260753715,0.0,0.7778726291475215,0.7856455751089476,0.0,0.7797561153082654,0.0,0.0,0.7936046448576776,0.0,0.0,0.7919557089433602,0.0,0.8017941331062634,0.78239198782253,0.7782346709226561,0.0,0.7773624196528072,0.0,0.7846494673034865,0.7806735095102582,0.0,0.0,0.0,0.799669738742137,0.0,0.7859626158620809,0.0,0.0,0.0,0.7940685729567263,0.0
0.0,0.0,0.0,0.0,0.0,0.0,1.0,0.0,0.0,0.0,0.7830334833890509,0.0,0.0,0.0,0.0,0.0,0.0,0.0,0.7969539800460236,0.0,0.0,0.8556680265310609,0.0,0.0,0.0,0.0,0.0,0.0,0.0,0.0,0.0,0.7824987914554333,0.0,0.0,0.0,0.0,0.0,0.0,0.0,0.0,0.0,0.0,0.0,0.0,0.0,0.7977760787168123,0.0,0.0,0.7979049973408473,0.0,0.0,0.0,0.0,0.0,0.0,0.0,0.0,0.0,0.0,0.7759363636573856,0.0,0.0,0.0,0.0,0.0,0.0,0.0,0.0,0.0,0.0,0.0,0.0,0.0,0.0,0.0,0.0,0.0,0.0,0.0,0.8140040847348018,0.0,0.0,0.0,0.0,0.0,0.0,0.0,0.0,0.0,0.0,0.0,0.7830334833890509,0.7787745274270617,0.0,0.0,0.0,0.0,0.0,0.0,0.0,0.0,0.0,0.0,0.0,0.0,0.0,0.0,0.0,0.0
0.0,0.0,0.0,0.8259320821969529,0.817654880989875,0.7818097052885731,0.0,1.0,0.0,0.0,0.0,0.7996004743311202,0.0,0.7789644362818717,0.7859771245129944,0.0,0.0,0.7851074220960429,0.7784897431664932,0.7540547411539024,0.0,0.0,0.989360116237313,0.0,0.0,0.7845465686113536,0.0,0.0,0.7813248471376764,0.0,0.0,0.0,0.0,0.7986262134911285,0.0,0.9805723298221096,0.7935109220196245,0.781469296570728,0.7992673427459147,0.0,0.0,0.0,0.8214568997206,0.981551296540486,0.0,0.7792658903547676,0.0,0.0,0.8075035833351905,0.8003861226080431,0.0,0.0,0.0,0.0,0.7946493514741906,0.0,0.0,0.0,0.0,0.7927306530324298,0.8178289138291115,0.0,0.0,0.7819447459154603,0.0,0.0,0.7987778594953966,0.7714340655193779,0.7837982547666557,0.0,0.7957507194626117,0.0,0.0,0.9806319758929557,0.8102617011294436,0.7819385914870299,0.7913979296595194,0.7811395225731217,0.0,0.7951755001259597,0.78526199340941,0.0,0.0,0.781785232435428,0.0,0.7757973057447306,0.7402805419879223,0.0,0.9711598301314859,0.0,0.0,0.7820557915023114,0.0,0.0,0.8233266569920543,0.0,0.0,0.0,0.0,0.0,0.0,0.0,0.0,0.7855740877481183,0.0,0.0,0.0,0.7937981401209105,0.0
0.0,0.0,0.0,0.0,0.0,0.0,0.0,0.0,1.0,0.0,0.0,0.0,0.0,0.0,0.0,0.0,0.7424730697513632,0.0,0.0,0.0,0.0,0.0,0.0,0.0,0.0,0.0,0.0,0.0,0.0,0.7605248555358759,0.0,0.0,0.0,0.7429555639717721,0.0,0.0,0.0,0.0,0.0,0.0,0.0,0.0,0.0,0.0,0.0,0.0,0.0,0.0,0.0,0.0,0.9994949686001249,0.0,0.0,0.0,0.0,0.0,0.0,0.0,0.0,0.0,0.0,0.0,0.0,0.0,0.0,0.9801714560307745,0.742985530706335,0.0,0.0,0.0,0.0,0.0,0.0,0.0,0.0,0.0,0.0,0.0,0.0,0.0,0.0,0.0,0.0,0.0,0.0,0.0,0.0,0.0,0.0,0.0,0.0,0.0,0.0,0.0,0.0,0.0,0.0,0.0,0.9832965738840234,0.7431842870565217,0.0,0.0,0.0,0.0,0.0,0.0,0.0,0.0,0.0
0.0,0.0,0.0,0.0,0.0,0.0,0.0,0.0,0.0,1.0,0.0,0.0,0.0,0.0,0.0,0.0,0.0,0.0,0.0,0.0,0.0,0.0,0.0,0.8395979188242997,0.0,0.0,0.0,0.0,0.0,0.0,0.0,0.0,0.0,0.0,0.0,0.0,0.0,0.0,0.0,0.0,0.8430465869904479,0.0,0.0,0.0,0.0,0.0,0.0,0.8397489291596161,0.0,0.0,0.0,0.0,0.0,0.0,0.0,0.0,0.0,0.0,0.0,0.0,0.0,0.0,0.0,0.0,0.8364308788553433,0.0,0.0,0.0,0.0,0.0,0.0,0.0,0.0,0.0,0.0,0.0,0.0,0.0,0.0,0.0,0.0,0.0,0.0,0.0,0.0,0.0,0.0,0.0,0.0,0.0,0.0,0.0,0.0,0.0,0.0,0.0,0.0,0.0,0.0,0.0,0.0,0.0,0.0,0.0,0.0,0.0,0.0,0.0,0.8466007855669876
0.0,0.0,0.0,0.7847873407207923,0.7824799098248646,0.78239198782253,0.7830334833890509,0.0,0.0,0.0,1.0,0.7825050885736061,0.0,0.7971071383377109,0.7866688802103129,0.0,0.7791833047674437,0.0,0.7789971413787303,0.0,0.8671837761002291,0.7820805369729525,0.0,0.0,0.0,0.0,0.8120390558552771,0.0,0.7818955538362254,0.0,0.0,0.8286550262356959,0.0,0.0,0.7863647596532998,0.0,0.7764220828397967,0.782043428156429,0.0,0.0,0.0,0.8391552747164954,0.0,0.0,0.0,0.779789901704228,0.0,0.0,0.8080492451665889,0.783292264840411,0.0,0.776173150904335,0.7838181818419597,0.8663135339945214,0.777556992927436,0.8009372064422807,0.0,0.7819878703702862,0.801345143247787,0.775644782548508,0.7826503716432254,0.7864978128487278,0.0,0.7825302932748083,0.0,0.0,0.7816814954496245,0.0,0.7844304698027494,0.0,0.8067455761104686,0.7833704358330423,0.0,0.0,0.7826377040153305,0.7825239896635844,0.7743181330842281,0.7817058645504912,0.0,0.795675398871043,0.7859336242463887,0.0,0.0,0.0,0.0,0.7762509725636993,0.0,0.0,0.0,0.0,0.7843352701675441,0.7826440370091411,0.0,0.0,0.7775672769167203,0.7827074573005471,0.0,0.7809083532074358,0.0,0.0,0.0,0.7822357663787677,0.8111149237601727,0.7862544296594567,0.0,0.0,0.0,0.7767083208685586,0.0
0.0,0.0,0.0,0.784635722501928,0.7823418882663179,0.9554008692572011,0.0,0.7996004743311202,0.0,0.0,0.7825050885736061,1.0,0.0,0.7793598271858146,0.7865052258558669,0.0,0.7790626836819048,0.0,0.7788774369071835,0.0,0.0,0.0,0.7826503716432254,0.0,0.0,0.0,0.0,0.0,0.8790926359802936,0.0,0.0,0.0,0.0,0.7813969650423878,0.7862031113795502,0.0,0.7938679697805421,0.8674618980140814,0.0,0.8193628683094825,0.0,0.0,0.0,0.7837319480273882,0.0,0.779666246615777,0.0,0.0,0.779789901704228,0.7831495965436149,0.0,0.7760665521885242,0.0,0.0,0.7950232838488953,0.0,0.0,0.0,0.0,0.7755404768118571,0.782511387313807,0.8282380647740532,0.0,0.8453133090430609,0.0,0.0,0.8172913256653459,0.0,0.8497359883844467,0.0,0.7785378684100277,0.0,0.0,0.0,0.7824987914554333,0.9554356318336675,0.7742193764762266,0.7815721343559439,0.0,0.7779665563203636,0.7857747792436105,0.0,0.8303793576083179,0.0,0.0,0.7936937628299872,0.0,0.0,0.7745259357954323,0.0,0.8019179944343351,0.8001986519915532,0.7783300098293148,0.0,0.8055007133850983,0.0,0.7847735184448672,0.7807789095467212,0.0,0.0,0.0,0.799783496248864,0.0,0.7860935032729902,0.0,0.0,0.0,0.7941593762098099,0.0
0.0,0.0,0.0,0.0,0.0,0.0,0.0,0.0,0.0,0.0,0.0,0.0,1.0,0.0,0.0,0.0,0.7888039291519383,0.0,0.0,0.0,0.0,0.0,0.0,0.0,0.0,0.0,0.7745940851424541,0.0,0.0,0.0,0.8243317702763708,0.7734521905187912,0.9013784032863122,0.0,0.0,0.0,0.0,0.0,0.0,0.0,0.0,0.7731846037352513,0.0,0.0,0.0,0.0,0.0,0.0,0.0,0.0,0.0,0.0,0.0,0.0,0.0,0.0,0.0,0.0,0.774498729692422,0.0,0.0,0.0,0.0,0.0,0.0,0.0,0.0,0.0,0.0,0.0,0.0,0.7743226316122637,0.8212153242412394,0.0,0.0,0.0,0.0,0.0,0.0,0.0,0.0,0.8241408154665044,0.0,0.0,0.0,0.0,0.0,0.0,0.0,0.8195614157587771,0.0,0.0,0.0,0.7729369353039698,0.0,0.0,0.0,0.0,0.0,0.0,0.0,0.0,0.7739786694097268,0.0,0.0,0.0,0.0,0.0,0.0
0.0,0.0,0.0,0.7990224257165255,0.7969596358119966,0.7792603759266608,0.0,0.7789644362818717,0.0,0.0,0.7971071383377109,0.7793598271858146,0.0,1.0,0.8006864021553433,0.0,0.7764171771900863,0.7822108633319356,0.8867909331055079,0.0,0.0,0.7789862347969049,0.7972383534300894,0.0,0.0,0.7817119606260763,0.0,0.0,0.7788232197861651,0.0,0.0,0.0,0.0,0.8065844864459271,0.782720161115937,0.7795320620746314,0.7739387834165599,0.7789535443400607,0.0,0.0,0.0,0.0,0.777531301980531,0.7805627457322378,0.0,0.8124913204092552,0.0,0.0,0.8051008096608473,0.7800504987046222,0.0,0.7737139970094634,0.0,0.0,0.7924838010049108,0.0,0.0,0.778904590823772,0.0,0.8268830559853271,0.807607162689496,0.7828347933313982,0.0,0.7793819827254131,0.0,0.0,0.8067232955513364,0.0,0.781044418840857,0.0,0.7934912359513607,0.0,0.0,0.7794930637360776,0.7971014489822875,0.7793764419507541,0.7894889683309895,0.7786559102060455,0.0,0.840148324887003,0.8000381598000653,0.0,0.0,0.0,0.0,0.7737842935525487,0.0,0.0,0.7723120885573398,0.0,0.7809615059745438,0.8258624240967468,0.0,0.0,0.8318919911096007,0.0,0.0,0.7779508765682351,0.0,0.0,0.0,0.8072294325863841,0.0,0.8003213187036817,0.0,0.0,0.0,0.7741969878978665,0.0
0.0,0.0,0.0,0.8070595890643061,0.8042589293257079,0.7863721326293927,0.0,0.7859771245129944,0.0,0.0,0.7866688802103129,0.7865052258558669,0.0,0.8006864021553433,1.0,0.0,0.7826377040153305,0.7904011193048041,0.8001150674993921,0.0,0.0,0.0,0.7868411463163353,0.0,0.0,0.7897075319458278,0.0,0.0,0.7857891773159944,0.0,0.0,0.0,0.0,0.0,0.7911147468556512,0.7867361450129162,0.7794819328115894,0.7859626158620809,0.0,0.0,0.0,0.0,0.801814734189908,0.7881294924419318,0.0,0.811596398477233,0.0,0.0,0.7834816071135563,0.0,0.0,0.7791997994927593,0.0,0.0,0.7984274413875462,0.0,0.0,0.0,0.0,0.7786021838411259,0.8044642265090549,0.7912761682695247,0.0,0.7865349002626817,0.0,0.0,0.7855384219796042,0.0,0.7887876547506506,0.0,0.7820310710618634,0.0,0.0,0.7866838120473579,0.8044489616776077,0.7865274783015792,0.7946802983783773,0.7855669504478354,0.0,0.7990408651218909,0.9405610675573253,0.0,0.0,0.786342653988628,0.0,0.7792879605628013,0.0,0.0,0.7774543917258598,0.0,0.7886740338199327,0.7866688802103129,0.0,0.0,0.7984394432132493,0.7867436302529212,0.0,0.784635722501928,0.0,0.0,0.0,0.7861884686802311,0.0,0.8886959891001005,0.0,0.0,0.0,0.7798068124851752,0.0
0.7975897428462312,0.0,0.0,0.0,0.0,0.0,0.0,0.0,0.0,0.0,0.0,0.0,0.0,0.0,0.0,1.0,0.0,0.0,0.0,0.0,0.0,0.0,0.0,0.0,0.0,0.0,0.7853255088371037,0.0,0.0,0.0,0.0,0.0,0.0,0.0,0.0,0.0,0.0,0.0,0.0,0.0,0.0,0.0,0.0,0.0,0.0,0.0,0.0,0.0,0.0,0.0,0.0,0.0,0.0,0.0,0.0,0.0,0.0,0.0,0.0,0.0,0.0,0.0,0.7805685628830632,0.0,0.0,0.0,0.0,0.0,0.0,0.0,0.0,0.0,0.0,0.0,0.0,0.0,0.0,0.0,0.0,0.0,0.0,0.0,0.0,0.0,0.7982898337653185,0.0,0.0,0.0,0.0,0.0,0.0,0.0,0.0,0.7827965228749723,0.0,0.0,0.7865646105386196,0.0,0.0,0.0,0.0,0.0,0.7843760247456015,0.0,0.0,0.0,0.0,0.0,0.0
0.7757209241896372,0.0,0.0,0.7810325568868098,0.7790408166353945,0.7789644362818717,0.0,0.0,0.7424730697513632,0.0,0.7791833047674437,0.7790626836819048,0.7888039291519383,0.7764171771900863,0.7826377040153305,0.0,1.0,0.0,0.7759893190869421,0.0,0.0,0.0,0.0,0.0,0.0,0.0,0.0,0.0,0.7785325164572178,0.0,0.7930668863344618,0.0,0.7900347715358198,0.778213535157718,0.7823794533057341,0.0,0.7737008391299873,0.7786612893728608,0.0,0.0,0.0,0.0,0.0,0.0,0.0,0.7766884715611443,0.0,0.0,0.776797844171092,0.0,0.7424133109788833,0.7734782439401032,0.0,0.0,0.7747126670919248,0.0,0.0,0.0,0.0,0.7730050044058535,0.7791888017677884,0.7824924959584664,0.0,0.7790845703868127,0.0,0.7494419638581812,0.7959454550523264,0.0,0.7807261526114332,0.0,0.7756875827885009,0.0,0.8040127662646682,0.0,0.7791778090077904,0.7790790968657081,0.7718122464632636,0.7783671872311614,0.0,0.7751789022455546,0.7820125471276302,0.7928454197512051,0.0,0.0,0.0,0.773547857331724,0.0,0.0,0.772089568630175,0.8020655902158365,0.7806443123527719,0.7791833047674437,0.0,0.0,0.774721812884784,0.0,0.0,0.7776703568971065,0.7401369018878209,0.7792383306931395,0.0,0.7788286360666711,0.0,0.7822856487105315,0.0,0.0,0.0,0.7739565024045257,0.0
0.0,0.0,0.0,0.7882247175265479,0.7855883685768649,0.0,0.0,0.7851074220960429,0.0,0.0,0.0,0.0,0.0,0.7822108633319356,0.7904011193048041,0.0,0.0,1.0,0.7816693200096329,0.0,0.0,0.0,0.7859408689426535,0.0,0.0,0.8466286122537996,0.0,0.0,0.0,0.0,0.0,0.0,0.0,0.0,0.7900476093497213,0.7858396371543156,0.7788123908398725,0.0,0.0,0.0,0.0,0.0,0.7832792605772998,0.7871817195958618,0.0,0.7825555239811876,0.0,0.0,0.0,0.0,0.0,0.0,0.0,0.0,0.0,0.0,0.0,0.0,0.0,0.0,0.785781977224525,0.0,0.0,0.0,0.0,0.0,0.0,0.0,0.0,0.0,0.0,0.0,0.0,0.7857891773159944,0.7857675833720331,0.0,0.0,0.0,0.0,0.7983017695604209,0.7895476221896673,0.0,0.0,0.0,0.0,0.7786236601535668,0.0,0.0,0.7768377385292499,0.0,0.0,0.0,0.0,0.0,0.7800789930785161,0.0,0.0,0.0,0.0,0.0,0.0,0.0,0.0,0.7899195306369298,0.0,0.0,0.0,0.779128402911208,0.0
0.0,0.0,0.0,0.7984875083287744,0.7788557355639326,0.778779932880796,0.7969539800460236,0.7784897431664932,0.0,0.0,0.7789971413787303,0.7788774369071835,0.0,0.8867909331055079,0.8001150674993921,0.0,0.7759893190869421,0.7816693200096329,1.0,0.0,0.0,0.8065955630885195,0.7967400072486002,0.0,0.0,0.7811812472555386,0.0,0.0,0.7783512471003691,0.0,0.0,0.0,0.0,0.8351816388948095,0.7821673439553866,0.8254008508557266,0.7910433409221965,0.7784790615839944,0.0,0.0,0.0,0.0,0.7770835323652338,0.8157314005555737,0.0,0.812033903976972,0.0,0.0,0.7941897179430529,0.0,0.0,0.8086986114160679,0.0,0.0,0.7920715768387541,0.0,0.0,0.0,0.0,0.8007411883237128,0.7966169635466447,0.7822794078497931,0.0,0.7788991576165045,0.0,0.0,0.8196334934291202,0.0,0.7805278719303665,0.0,0.8035030541939465,0.0,0.0,0.8253603474763431,0.77899168747701,0.7788937256217444,0.806966660360872,0.7781871412569435,0.0,0.841874000454517,0.7994812861866831,0.0,0.0,0.7787583182658302,0.0,0.7908878558632111,0.0,0.0,0.8130867378837033,0.0,0.7804466931112409,0.8461931795099089,0.0,0.0,0.8502595935529784,0.0,0.0,0.7774953802294073,0.0,0.0,0.0,0.7786451554385411,0.0,0.799758172016977,0.0,0.0,0.0,0.7913031745918494,0.0
0.0,0.0,0.0,0.0,0.0,0.0,0.0,0.7540547411539024,0.0,0.0,0.0,0.0,0.0,0.0,0.0,0.0,0.0,0.0,0.0,1.0,0.0,0.0,0.0,0.0,0.0,0.0,0.0,0.994793586303541,0.0,0.9899008648719779,0.0,0.0,0.0,0.0,0.0,0.0,0.0,0.0,0.0,0.0,0.0,0.0,0.0,0.0,0.0,0.0,0.0,0.0,0.0,0.0,0.0,0.0,0.0,0.0,0.0,0.0,0.0,0.0,0.0,0.0,0.0,0.0,0.0,0.0,0.0,0.0,0.0,0.0,0.0,0.0,0.0,0.0,0.0,0.0,0.0,0.0,0.0,0.0,0.0,0.0,0.0,0.0,0.0,0.0,0.0,0.0,0.9833993022662283,0.0,0.0,0.0,0.0,0.0,0.0,0.0,0.0,0.0,0.0,0.0,0.0,0.0,0.0,0.0,0.0,0.0,0.0,0.0,0.0,0.0,0.0
0.8059124638257273,0.0,0.8151425150513841,0.0,0.0,0.0,0.0,0.0,0.0,0.0,0.8671837761002291,0.0,0.0,0.0,0.0,0.0,0.0,0.0,0.0,0.0,1.0,0.0,0.0,0.0,0.8152007949064166,0.0,0.9376584287980335,0.0,0.0,0.0,0.0,0.9397472540767738,0.0,0.0,0.0,0.0,0.0,0.0,0.0,0.0,0.0,0.9611925392870587,0.0,0.0,0.0,0.0,0.0,0.0,0.0,0.0,0.0,0.0,0.8481137729534458,0.9898098209673233,0.0,0.9347171302534697,0.0,0.0,0.9339437224767835,0.0,0.0,0.0,0.8064960481098243,0.0,0.0,0.0,0.0,0.0,0.0,0.0,0.0,0.9052145495940139,0.0,0.0,0.0,0.0,0.0,0.0,0.0,0.0,0.0,0.0,0.0,0.0,0.8065623477529733,0.0,0.0,0.0,0.8199613137690082,0.0,0.0,0.0,0.0,0.8161397578537404,0.0,0.0,0.0,0.0,0.0,0.0,0.0,0.0,0.9368563228835957,0.0,0.8458810037753046,0.0,0.7817974657976748,0.0,0.0
0.0,0.0,0.0,0.0,0.0,0.0,0.8556680265310609,0.0,0.0,0.0,0.7820805369729525,0.0,0.0,0.7789862347969049,0.0,0.0,0.0,0.0,0.8065955630885195,0.0,0.0,1.0,0.0,0.0,0.0,0.0,0.0,0.0,0.0,0.0,0.0,0.0,0.0,0.0,0.0,0.0,0.0,0.0,0.0,0.0,0.0,0.0,0.0,0.0,0.0,0.8149280316591802,0.0,0.0,0.7794097055217172,0.0,0.0,0.0,0.0,0.0,0.0,0.0,0.0,0.0,0.0,0.0,0.0,0.0,0.0,0.0,0.0,0.0,0.0,0.0,0.0,0.0,0.0,0.0,0.0,0.0,0.0,0.0,0.0,0.0,0.0,0.8131771048504544,0.0,0.0,0.0,0.0,0.0,0.0,0.0,0.0,0.0,0.0,0.0,0.7820805369729525,0.7779717851524902,0.0,0.0,0.0,0.0,0.0,0.0,0.0,0.0,0.0,0.0,0.0,0.0,0.0,0.0,0.0,0.0
0.0,0.0,0.0,0.8267756466124047,0.8184177326618722,0.7825365985113549,0.0,0.989360116237313,0.0,0.0,0.0,0.7826503716432254,0.0,0.7972383534300894,0.7868411463163353,0.0,0.0,0.7859408689426535,0.7967400072486002,0.0,0.0,0.0,1.0,0.0,0.0,0.7853608663462742,0.0,0.0,0.0,0.0,0.0,0.0,0.0,0.8419399767311989,0.0,0.981005745657322,0.7765351873906443,0.7821859856299063,0.0,0.0,0.0,0.0,0.82216403649971,0.9824896818654559,0.0,0.8304456260547864,0.0,0.0,0.8157194885028504,0.8011570679188007,0.0,0.0,0.0,0.0,0.7952598823848279,0.0,0.0,0.0,0.0,0.8260102282438343,0.8185970550801839,0.0,0.797027605373374,0.7826757265990403,0.0,0.0,0.8234842159329546,0.0,0.7845876762817566,0.0,0.7963892651806903,0.0,0.0,0.9810655844823333,0.8110223562987289,0.8109038356336717,0.8156897327019275,0.781846460593697,0.0,0.7957992605945557,0.7861007952852783,0.0,0.8082554684309957,0.782511387313807,0.0,0.7763632804057367,0.0,0.0,0.9712906839311529,0.0,0.0,0.824504009374002,0.0,0.0,0.8467906867605097,0.0,0.7850864194351681,0.0,0.0,0.0,0.0,0.8106034443726328,0.0,0.7864238054931448,0.0,0.0,0.0,0.7943878485087047,0.0
0.0,0.0,0.0,0.0,0.0,0.0,0.0,0.0,0.0,0.8395979188242997,0.0,0.0,0.0,0.0,0.0,0.0,0.0,0.0,0.0,0.0,0.0,0.0,0.0,1.0,0.0,0.0,0.0,0.0,0.0,0.0,0.0,0.0,0.0,0.0,0.0,0.0,0.0,0.0,0.0,0.0,0.8298027553358568,0.0,0.0,0.0,0.0,0.0,0.0,0.8286905164802503,0.0,0.0,0.0,0.0,0.0,0.0,0.0,0.0,0.0,0.0,0.0,0.0,0.0,0.0,0.0,0.0,0.8503116418277503,0.0,0.0,0.0,0.0,0.0,0.0,0.0,0.0,0.0,0.0,0.0,0.0,0.0,0.0,0.0,0.0,0.0,0.0,0.0,0.0,0.0,0.0,0.0,0.0,0.0,0.0,0.0,0.0,0.0,0.0,0.0,0.0,0.0,0.0,0.0,0.0,0.0,0.0,0.0,0.0,0.0,0.0,0.0,0.8268353583453343
0.7943827484326188,0.0,0.7783884570011772,0.0,0.0,0.0,0.0,0.0,0.0,0.0,0.0,0.0,0.0,0.0,0.0,0.0,0.0,0.0,0.0,0.0,0.8152007949064166,0.0,0.0,0.0,1.0,0.0,0.8279744358948147,0.0,0.0,0.0,0.0,0.8156421955520737,0.0,0.0,0.0,0.0,0.0,0.0,0.0,0.0,0.0,0.821166438750615,0.0,0.0,0.0,0.0,0.0,0.0,0.0,0.0,0.0,0.0,0.0,0.8213260819072374,0.0,0.8167028580073122,0.0,0.0,0.8278404395508567,0.0,0.0,0.0,0.7949344852751818,0.0,0.0,0.0,0.0,0.0,0.0,0.0,0.0,0.8168393736250958,0.0,0.0,0.0,0.0,0.0,0.0,0.0,0.0,0.0,0.0,0.0,0.0,0.7949971336573742,0.0,0.0,0.0,0.0,0.0,0.0,0.0,0.0,0.7792990031719903,0.0,0.0,0.0,0.0,0.0,0.0,0.0,0.0,0.8222622699635264,0.0,0.8190787686448118,0.0,0.0,0.0,0.0
0.0,0.0,0.0,0.7875889813611937,0.7850165401378851,0.0,0.0,0.7845465686113536,0.0,0.0,0.0,0.0,0.0,0.7817119606260763,0.7897075319458278,0.0,0.0,0.8466286122537996,0.7811812472555386,0.0,0.0,0.0,0.7853608663462742,0.0,0.0,1.0,0.0,0.0,0.0,0.0,0.0,0.0,0.0,0.0,0.7893637490997104,0.78526199340941,0.7783778197913184,0.7845328813567943,0.0,0.0,0.0,0.0,0.7827583121976707,0.7865720437221626,0.0,0.7820496090475666,0.0,0.0,0.0,0.0,0.0,0.0,0.0,0.0,0.7796102465462206,0.0,0.0,0.0,0.0,0.0,0.7852056729334227,0.0,0.0,0.0,0.0,0.0,0.0,0.0,0.0,0.0,0.0,0.0,0.0,0.78521270592769,0.7851916129894136,0.0,0.0,0.0,0.0,0.7978228811249591,0.788877297212494,0.0,0.0,0.0,0.0,0.7781924177458989,0.0,0.0,0.7939931565743085,0.0,0.0,0.0,0.0,0.0,0.7796214362674772,0.0,0.7877444336869327,0.0,0.0,0.0,0.0,0.0,0.0,0.7892391623045876,0.0,0.0,0.7853608663462742,0.7786882030582793,0.0
0.8077691358526998,0.0,0.817152378555548,0.0,0.0,0.0,0.0,0.0,0.0,0.0,0.8120390558552771,0.0,0.7745940851424541,0.0,0.0,0.7853255088371037,0.0,0.0,0.0,0.0,0.9376584287980335,0.0,0.0,0.0,0.8279744358948147,0.0,1.0,0.0,0.0,0.0,0.7794208034815372,0.9466413493951826,0.7759748652243186,0.7825997404514422,0.0,0.0,0.0,0.0,0.0,0.0,0.0,0.9404401838955943,0.0,0.0,0.0,0.0,0.0,0.0,0.0,0.0,0.0,0.0,0.7849956151043056,0.9378523615892664,0.7784630479988995,0.9515391510363405,0.0,0.0,0.9527317952087816,0.0,0.0,0.0,0.8083978581559572,0.0,0.0,0.0,0.7827583121976707,0.0,0.0,0.0,0.0,0.913241259230308,0.7799936096870876,0.0,0.0,0.0,0.0,0.0,0.0,0.0,0.0,0.7791668212083545,0.0,0.0,0.8084693551258207,0.0,0.0,0.0,0.0,0.7777946327918056,0.0,0.0,0.0,0.8241441243520604,0.0,0.0,0.0,0.0,0.0,0.8121078476957125,0.0,0.0,0.9549231758423952,0.0,0.8499295489993856,0.0,0.8016435738651301,0.0,0.0
0.0,0.0,0.0,0.0,0.0,0.0,0.0,0.0,0.0,0.0,0.0,0.0,0.0,0.0,0.0,0.0,0.0,0.0,0.0,0.994793586303541,0.0,0.0,0.0,0.0,0.0,0.0,0.0,1.0,0.0,0.9924665408196796,0.0,0.0,0.0,0.0,0.0,0.0,0.0,0.0,0.0,0.0,0.0,0.0,0.0,0.0,0.0,0.0,0.0,0.0,0.0,0.0,0.0,0.0,0.0,0.0,0.0,0.0,0.0,0.0,0.0,0.0,0.0,0.0,0.0,0.0,0.0,0.0,0.0,0.0,0.0,0.0,0.0,0.0,0.0,0.0,0.0,0.0,0.0,0.0,0.0,0.0,0.0,0.0,0.0,0.0,0.0,0.0,0.9855788971937446,0.0,0.0,0.0,0.0,0.0,0.0,0.0,0.0,0.0,0.0,0.0,0.0,0.0,0.0,0.0,0.0,0.0,0.0,0.0,0.0,0.0,0.0
0.0,0.0,0.0,0.7839714970328892,0.7817363601523124,0.8850169048740372,0.0,0.7813248471376764,0.0,0.0,0.7818955538362254,0.8790926359802936,0.0,0.7788232197861651,0.7857891773159944,0.0,0.7785325164572178,0.0,0.7783512471003691,0.0,0.0,0.0,0.0,0.0,0.0,0.0,0.0,0.0,1.0,0.0,0.0,0.0,0.0,0.8165240141282208,0.7854956913457241,0.0,0.8038284731324327,0.8487086384087372,0.0,0.0,0.0,0.0,0.0,0.7830914710995304,0.0,0.7791229195282157,0.0,0.0,0.7792438401307958,0.0,0.0,0.8110685977704855,0.0,0.0,0.7945156921161696,0.0,0.0,0.0,0.0,0.7750812203976947,0.7995816173109982,0.827488983960545,0.0,0.8661844957740663,0.0,0.0,0.8383235071237947,0.0,0.8586197319612889,0.0,0.778018895316462,0.0,0.0,0.0,0.7995690538656643,0.8759647130521216,0.7737842935525487,0.7809851666367817,0.0,0.7774595115087711,0.7850794225417639,0.0,0.0,0.0,0.0,0.7932123946865959,0.0,0.0,0.7740853547401032,0.0,0.8012509289982012,0.7995753347987113,0.0,0.0,0.8183608781503726,0.0,0.7841055989695607,0.7802104978802765,0.0,0.0,0.0,0.7814994980528399,0.0,0.7853891890751161,0.0,0.0,0.0,0.7936689756997589,0.0
0.0,0.0,0.0,0.0,0.0,0.0,0.0,0.0,0.7605248555358759,0.0,0.0,0.0,0.0,0.0,0.0,0.0,0.0,0.0,0.0,0.9899008648719779,0.0,0.0,0.0,0.0,0.0,0.0,0.0,0.9924665408196796,0.0,1.0,0.0,0.0,0.0,0.0,0.0,0.0,0.0,0.0,0.0,0.0,0.0,0.0,0.0,0.0,0.0,0.0,0.0,0.0,0.0,0.0,0.7604926112292193,0.0,0.0,0.0,0.0,0.0,0.0,0.0,0.0,0.0,0.0,0.0,0.0,0.0,0.0,0.0,0.0,0.0,0.0,0.0,0.0,0.0,0.0,0.0,0.0,0.0,0.0,0.0,0.0,0.0,0.0,0.0,0.0,0.0,0.0,0.0,0.9810882296800969,0.0,0.0,0.0,0.0,0.0,0.0,0.0,0.0,0.0,0.0,0.0,0.7592350712690751,0.0,0.0,0.0,0.0,0.0,0.0,0.0,0.0,0.0,0.0
0.0,0.0,0.0,0.0,0.0,0.0,0.0,0.0,0.0,0.0,0.0,0.0,0.8243317702763708,0.0,0.0,0.0,0.7930668863344618,0.0,0.0,0.0,0.0,0.0,0.0,0.0,0.0,0.0,0.7794208034815372,0.0,0.0,0.0,1.0,0.7780346190116575,0.8131684846136121,0.0,0.0,0.0,0.0,0.0,0.0,0.0,0.0,0.7777117116273466,0.0,0.0,0.0,0.0,0.0,0.0,0.0,0.0,0.0,0.0,0.0,0.0,0.0,0.0,0.0,0.0,0.7793045263548325,0.0,0.0,0.0,0.0,0.0,0.0,0.0,0.0,0.0,0.0,0.0,0.0,0.7790900451387431,0.9919859692112757,0.0,0.0,0.0,0.0,0.0,0.0,0.0,0.0,0.9137790321247664,0.0,0.0,0.0,0.0,0.0,0.0,0.0,0.8971649628449364,0.0,0.0,0.0,0.7774134722569742,0.0,0.0,0.0,0.0,0.0,0.0,0.0,0.0,0.7786720512752052,0.0,0.0,0.0,0.0,0.0,0.0
0.8063200970621462,0.0,0.8155828985196472,0.0,0.0,0.0,0.7824987914554333,0.0,0.0,0.0,0.8286550262356959,0.0,0.7734521905187912,0.0,0.0,0.0,0.0,0.0,0.0,0.0,0.9397472540767738,0.0,0.0,0.0,0.8156421955520737,0.0,0.9466413493951826,0.0,0.0,0.0,0.7780346190116575,1.0,0.7747675937450229,0.0,0.0,0.0,0.0,0.0,0.0,0.0,0.0,0.9423007653961817,0.0,0.0,0.0,0.0,0.0,0.0,0.0,0.0,0.0,0.0,0.0,0.939639081296625,0.0,0.9430417539274337,0.0,0.0,0.9443486759314698,0.0,0.0,0.0,0.806913310887471,0.0,0.0,0.0,0.0,0.0,0.0,0.0,0.0,0.9087828711556477,0.7785753650805257,0.0,0.0,0.0,0.0,0.0,0.0,0.0,0.0,0.7777946327918056,0.0,0.0,0.8069807184750201,0.0,0.0,0.0,0.8203152306614099,0.7764957868529478,0.0,0.0,0.0,0.8224970905768474,0.0,0.0,0.0,0.0,0.0,0.7998659776601315,0.0,0.0,0.9446299609384117,0.0,0.8483494771093348,0.0,0.7999487321456422,0.0,0.0
0.0,0.0,0.0,0.0,0.0,0.0,0.0,0.0,0.0,0.0,0.0,0.0,0.9013784032863122,0.0,0.0,0.0,0.7900347715358198,0.0,0.0,0.0,0.0,0.0,0.0,0.0,0.0,0.0,0.7759748652243186,0.0,0.0,0.0,0.8131684846136121,0.7747675937450229,1.0,0.0,0.0,0.0,0.0,0.0,0.0,0.0,0.0,0.7744851381004083,0.0,0.0,0.0,0.0,0.0,0.0,0.0,0.0,0.0,0.0,0.0,0.0,0.0,0.0,0.0,0.0,0.775873928706608,0.0,0.0,0.0,0.0,0.0,0.0,0.0,0.0,0.0,0.0,0.0,0.0,0.7756875827885009,0.8136118874831522,0.0,0.0,0.0,0.0,0.0,0.0,0.0,0.0,0.8253907190465546,0.0,0.0,0.0,0.0,0.0,0.0,0.0,0.8118951971843539,0.0,0.0,0.0,0.7742238566791012,0.0,0.0,0.0,0.0,0.0,0.0,0.0,0.0,0.7753238229913936,0.0,0.0,0.0,0.0,0.0,0.0
0.0,0.0,0.0,0.7835735404864005,0.0,0.7989549308293695,0.0,0.7986262134911285,0.7429555639717721,0.0,0.0,0.7813969650423878,0.0,0.8065844864459271,0.0,0.0,0.778213535157718,0.0,0.8351816388948095,0.0,0.0,0.0,0.8419399767311989,0.0,0.0,0.0,0.7825997404514422,0.0,0.8165240141282208,0.0,0.0,0.0,0.0,1.0,0.7850724276432686,0.8389920042762535,0.775554673916402,0.0,0.0,0.0,0.0,0.0,0.7794152538695395,0.8185039161675765,0.0,0.8359991116263902,0.0,0.0,0.7789154608779608,0.8238283944144823,0.7428945515067245,0.8350951109474942,0.800347220119945,0.0,0.7766488215788971,0.0,0.0,0.0,0.0,0.8160925834610465,0.7815357892009939,0.0,0.0,0.0,0.0,0.7500948791936562,0.8407982473304491,0.0,0.7832337999872806,0.0,0.7777065384360448,0.0,0.0,0.8389464701550876,0.0,0.0,0.8236330114898093,0.0,0.0,0.7771542185976209,0.0,0.0,0.0,0.7812649111745765,0.0,0.0,0.0,0.0,0.8275068835589828,0.0,0.0,0.8594005426636988,0.0,0.0,0.8605045488114041,0.0,0.7837054755131743,0.0,0.7405726872949216,0.7992632065863172,0.0,0.8276186432482019,0.0,0.0,0.0,0.0,0.0,0.0,0.0
0.0,0.0,0.0,0.788877297212494,0.7861738347027264,0.7860716402146052,0.0,0.0,0.0,0.0,0.7863647596532998,0.7862031113795502,0.0,0.782720161115937,0.7911147468556512,0.0,0.7823794533057341,0.7900476093497213,0.7821673439553866,0.0,0.0,0.0,0.0,0.0,0.0,0.7893637490997104,0.0,0.0,0.7854956913457241,0.0,0.0,0.0,0.0,0.7850724276432686,1.0,0.0,0.7792548627470007,0.7856670619709464,0.0,0.0,0.0,0.0,0.0,0.0,0.0,0.7830721265907198,0.0,0.0,0.7832143426951194,0.0,0.0,0.7965890836787403,0.0,0.0,0.7805336807692758,0.0,0.0,0.0,0.0,0.7783831378147849,0.7863721326293927,0.7909100082209229,0.0,0.7862324229846096,0.0,0.0,0.7852479011671826,0.0,0.7884563760661862,0.0,0.7817791180506612,0.0,0.0,0.0,0.7863573888886782,0.7862250918043359,0.7769027070144916,0.7852760937490281,0.0,0.7811276143228781,0.790236668217637,0.0,0.0,0.0,0.0,0.7790626836819048,0.0,0.0,0.0,0.0,0.7883442689079744,0.8041455957753073,0.0,0.0,0.7805453025988288,0.0,0.0,0.7843556389862547,0.0,0.0,0.0,0.8036603065562755,0.0,0.7906191839764968,0.0,0.0,0.0,0.7795767081860348,0.0
0.0,0.0,0.0,0.826673244010874,0.8107662585217067,0.7824484728045328,0.0,0.9805723298221096,0.0,0.0,0.0,0.0,0.0,0.7795320620746314,0.7867361450129162,0.0,0.0,0.7858396371543156,0.8254008508557266,0.0,0.0,0.0,0.981005745657322,0.0,0.0,0.78526199340941,0.0,0.0,0.0,0.0,0.0,0.0,0.0,0.8389920042762535,0.0,1.0,0.8454627372597906,0.0,0.0,0.0,0.0,0.0,0.826927558028,0.9923206082793672,0.0,0.79747398636614,0.0,0.0,0.8081021133799746,0.8299615692314285,0.0,0.0,0.0,0.0,0.7951860322519371,0.0,0.0,0.0,0.0,0.7932269926134267,0.8109432809657846,0.0,0.0,0.0,0.0,0.0,0.8233940641518013,0.0,0.0,0.0,0.7963119891837742,0.0,0.0,0.9997638233616468,0.8003926122428272,0.0,0.8204342972800528,0.0,0.0,0.7957237930531901,0.7859989035712248,0.0,0.0,0.7824233522569065,0.0,0.7762948572124301,0.0,0.0,0.9788422255795288,0.0,0.0,0.8334070609230945,0.7784950857169931,0.0,0.850367067094818,0.0,0.0,0.0,0.0,0.0,0.0,0.7822918911648888,0.0,0.7863205681919868,0.0,0.0,0.0,0.7943165426187268,0.0
0.0,0.0,0.0,0.795659288385001,0.7938479983838848,0.7937782248405745,0.0,0.7935109220196245,0.0,0.0,0.7764220828397967,0.7938679697805421,0.0,0.7739387834165599,0.7794819328115894,0.0,0.7737008391299873,0.7788123908398725,0.7910433409221965,0.0,0.0,0.0,0.7765351873906443,0.0,0.0,0.7783778197913184,0.0,0.0,0.8038284731324327,0.0,0.0,0.0,0.0,0.775554673916402,0.7792548627470007,0.8454627372597906,1.0,0.7935010770319161,0.0,0.7727718161366551,0.0,0.0,0.7746943858648206,0.794950132565581,0.0,0.7916889665053143,0.0,0.0,0.7742821749361162,0.8183239244409465,0.0,0.7712709542315684,0.0,0.0,0.7898599872269106,0.0,0.0,0.0,0.0,0.7708387157149457,0.7939831183533048,0.7969766108202979,0.0,0.7938879572676554,0.0,0.0,0.8036553774857184,0.0,0.7953816860421897,0.0,0.7732792150944378,0.0,0.0,0.8454253008946704,0.7939730841918385,0.7938829588860009,0.7697461883570347,0.7932318605000613,0.0,0.7902928046578617,0.7789317750663842,0.0,0.0,0.0,0.0,0.973079719298675,0.0,0.0,0.8158169335470511,0.0,0.7953074736196808,0.8044311644147571,0.0,0.0,0.8291367357831605,0.0,0.7781713186558498,0.7750672979497489,0.0,0.0,0.0,0.7761052611707123,0.0,0.7791723144882776,0.0,0.0,0.0,0.9741979773610424,0.0
0.0,0.0,0.0,0.7841325076561491,0.7818832712749337,0.8705160353831999,0.0,0.781469296570728,0.0,0.0,0.782043428156429,0.8674618980140814,0.0,0.7789535443400607,0.7859626158620809,0.0,0.7786612893728608,0.0,0.7784790615839944,0.0,0.0,0.0,0.7821859856299063,0.0,0.0,0.7845328813567943,0.0,0.0,0.8487086384087372,0.0,0.0,0.0,0.0,0.0,0.7856670619709464,0.0,0.7935010770319161,1.0,0.0,0.0,0.0,0.0,0.0,0.7832467801138479,0.0,0.7968749338929798,0.0,0.0,0.7793764419507541,0.0,0.0,0.7757113933946653,0.0,0.0,0.8051008096608473,0.0,0.0,0.0,0.0,0.775192889006411,0.7820496090475666,0.8276704366188767,0.0,0.8514146181337958,0.0,0.0,0.8092817882266958,0.0,0.8468183270427854,0.0,0.7781449705106477,0.0,0.0,0.0,0.7820372488281205,0.8612604874496548,0.7738901230297724,0.7811276143228781,0.0,0.7775827110661078,0.7852479011671826,0.0,0.0,0.0,0.0,0.7933294195127462,0.0,0.0,0.7741925126672834,0.0,0.8014126568203578,0.782043428156429,0.0,0.0,0.7770784912129971,0.0,0.8020009100813655,0.780348480716689,0.0,0.0,0.0,0.7816449873207574,0.0,0.7855598152220288,0.0,0.0,0.0,0.7937881804821318,0.0
0.0,0.8245633608763192,0.0,0.0,0.0,0.0,0.0,0.7992673427459147,0.0,0.0,0.0,0.0,0.0,0.0,0.0,0.0,0.0,0.0,0.0,0.0,0.0,0.0,0.0,0.0,0.0,0.0,0.0,0.0,0.0,0.0,0.0,0.0,0.0,0.0,0.0,0.0,0.0,0.0,1.0,0.0,0.0,0.0,0.0,0.0,0.99387338752766,0.0,0.8097948316669503,0.0,0.0,0.0,0.0,0.0,0.0,0.0,0.0,0.0,0.8100004619238715,0.0,0.0,0.0,0.0,0.0,0.0,0.0,0.0,0.0,0.0,0.9835302685996365,0.0,0.8101339305823201,0.0,0.0,0.0,0.0,0.0,0.0,0.0,0.0,0.933985789251191,0.0,0.0,0.0,0.0,0.0,0.0,0.0,0.0,0.8208942907354654,0.0,0.0,0.0,0.0,0.0,0.0,0.0,0.0,0.0,0.0,0.0,0.0,0.9844119800484946,0.0,0.0,0.0,0.0,0.8178569557263569,0.0,0.0,0.0
0.0,0.0,0.0,0.0,0.0,0.0,0.0,0.0,0.0,0.0,0.0,0.8193628683094825,0.0,0.0,0.0,0.0,0.0,0.0,0.0,0.0,0.0,0.0,0.0,0.0,0.0,0.0,0.0,0.0,0.0,0.0,0.0,0.0,0.0,0.0,0.0,0.0,0.7727718161366551,0.0,0.0,1.0,0.0,0.0,0.0,0.0,0.0,0.0,0.0,0.0,0.0,0.0,0.0,0.0,0.0,0.0,0.0,0.0,0.0,0.0,0.0,0.0,0.0,0.0,0.0,0.0,0.0,0.0,0.0,0.0,0.0,0.0,0.0,0.0,0.0,0.0,0.0,0.0,0.0,0.7772454042526662,0.0,0.0,0.0,0.0,0.82196362187238,0.0,0.0,0.7726245874252633,0.0,0.0,0.0,0.0,0.0,0.7780241354184202,0.0,0.7769778873234754,0.0,0.0,0.0,0.0,0.0,0.0,0.0,0.0,0.0,0.0,0.0,0.0,0.0,0.7730177887442529,0.0
0.0,0.0,0.0,0.0,0.0,0.0,0.0,0.0,0.0,0.8430465869904479,0.0,0.0,0.0,0.0,0.0,0.0,0.0,0.0,0.0,0.0,0.0,0.0,0.0,0.8298027553358568,0.0,0.0,0.0,0.0,0.0,0.0,0.0,0.0,0.0,0.0,0.0,0.0,0.0,0.0,0.0,0.0,1.0,0.0,0.0,0.0,0.0,0.0,0.0,0.9363752430767539,0.0,0.0,0.0,0.0,0.0,0.0,0.0,0.0,0.0,0.0,0.0,0.0,0.0,0.0,0.0,0.0,0.8339624798629584,0.0,0.0,0.0,0.0,0.0,0.0,0.0,0.0,0.0,0.0,0.0,0.0,0.0,0.0,0.0,0.0,0.0,0.0,0.0,0.0,0.0,0.0,0.0,0.0,0.0,0.0,0.0,0.0,0.0,0.0,0.0,0.0,0.0,0.0,0.0,0.0,0.0,0.0,0.0,0.0,0.0,0.0,0.0,0.965039247524988
0.8059826493127262,0.0,0.8152183048941375,0.0,0.0,0.0,0.0,0.0,0.0,0.0,0.8391552747164954,0.0,0.7731846037352513,0.0,0.0,0.0,0.0,0.0,0.0,0.0,0.9611925392870587,0.0,0.0,0.0,0.821166438750615,0.0,0.9404401838955943,0.0,0.0,0.0,0.7777117116273466,0.9423007653961817,0.7744851381004083,0.0,0.0,0.0,0.0,0.0,0.0,0.0,0.0,1.0,0.0,0.0,0.0,0.0,0.0,0.0,0.0,0.0,0.0,0.0,0.8458262320808055,0.9595521715743489,0.0,0.9393003593548472,0.0,0.0,0.9379318342867436,0.0,0.0,0.0,0.8140877228093081,0.0,0.0,0.0,0.0,0.0,0.0,0.0,0.0,0.9080385824648686,0.7782452456973633,0.0,0.0,0.0,0.0,0.0,0.0,0.0,0.0,0.7774748773339731,0.0,0.0,0.8066343697140884,0.0,0.0,0.0,0.8152136343871821,0.7761925829247096,0.0,0.0,0.0,0.8221150602520239,0.0,0.0,0.0,0.0,0.0,0.0,0.0,0.0,0.9401196467651143,0.0,0.8479819821059167,0.0,0.0,0.0,0.0
0.0,0.0,0.0,0.8240780272811186,0.7979285088748853,0.0,0.0,0.8214568997206,0.0,0.0,0.0,0.0,0.0,0.777531301980531,0.801814734189908,0.0,0.0,0.7832792605772998,0.7770835323652338,0.0,0.0,0.0,0.82216403649971,0.0,0.0,0.7827583121976707,0.0,0.0,0.0,0.0,0.0,0.0,0.0,0.7794152538695395,0.0,0.826927558028,0.7746943858648206,0.0,0.0,0.0,0.0,0.0,1.0,0.828064153876798,0.0,0.0,0.0,0.0,0.7779299859509041,0.0,0.0,0.0,0.0,0.0,0.793290349823576,0.0,0.0,0.0,0.0,0.7739698001695627,0.8220295758432341,0.0,0.0,0.0,0.0,0.0,0.0,0.0,0.0,0.0,0.7767679663697737,0.0,0.0,0.8268845892633834,0.8161216035285869,0.0,0.0,0.0,0.0,0.8042387437492337,0.8011370005285995,0.0,0.0,0.7801818494782042,0.0,0.7745350112964347,0.0,0.0,0.819013652541638,0.0,0.0,0.0,0.7765746520048635,0.0,0.0,0.0,0.782511387313807,0.0,0.0,0.0,0.0,0.0,0.0,0.7837120909596312,0.0,0.0,0.0,0.7749608242342326,0.0
0.0,0.0,0.0,0.8280295115067392,0.8119773022418852,0.7836130464121434,0.0,0.981551296540486,0.0,0.0,0.0,0.7837319480273882,0.0,0.7805627457322378,0.7881294924419318,0.0,0.0,0.7871817195958618,0.8157314005555737,0.0,0.0,0.0,0.9824896818654559,0.0,0.0,0.7865720437221626,0.0,0.0,0.7830914710995304,0.0,0.0,0.0,0.0,0.8185039161675765,0.0,0.9923206082793672,0.794950132565581,0.7832467801138479,0.0,0.0,0.0,0.0,0.828064153876798,1.0,0.0,0.7808847668652518,0.0,0.0,0.8226340264194568,0.7845602635114233,0.0,0.0,0.0,0.0,0.8066399183979849,0.0,0.0,0.0,0.0,0.7941240243423194,0.8121630157437743,0.7879480004693602,0.0,0.7837584491861863,0.0,0.0,0.8294486236796677,0.0,0.7857603896085761,0.0,0.7796999085440873,0.0,0.0,0.9923472555974391,0.8015958577837061,0.8120253198367642,0.792716344503231,0.0,0.0,0.7967175903880491,0.7873499541121287,0.0,0.0,0.7835867020478042,0.0,0.7947681912790141,0.0,0.0,0.9805034505602666,0.0,0.785659897594017,0.0,0.7794819328115894,0.0,0.8325812262950059,0.0,0.7862838025867371,0.0,0.0,0.0,0.0,0.7834488572424423,0.0,0.7876899136293007,0.0,0.0,0.0,0.8057244694039168,0.0
0.0,0.820285787521709,0.0,0.0,0.0,0.0,0.0,0.0,0.0,0.0,0.0,0.0,0.0,0.0,0.0,0.0,0.0,0.0,0.0,0.0,0.0,0.0,0.0,0.0,0.0,0.0,0.0,0.0,0.0,0.0,0.0,0.0,0.0,0.0,0.0,0.0,0.0,0.0,0.99387338752766,0.0,0.0,0.0,0.0,0.0,1.0,0.0,0.8063146183391465,0.0,0.0,0.0,0.0,0.0,0.0,0.0,0.0,0.0,0.806523651769464,0.0,0.0,0.0,0.0,0.0,0.0,0.0,0.0,0.0,0.0,0.984322868233317,0.0,0.8066593484155719,0.0,0.0,0.0,0.0,0.0,0.0,0.0,0.0,0.9330854136889261,0.0,0.0,0.0,0.0,0.0,0.0,0.0,0.0,0.8190777808001999,0.0,0.0,0.0,0.0,0.0,0.0,0.0,0.0,0.0,0.0,0.0,0.0,0.9845019966304703,0.0,0.0,0.0,0.0,0.8153294818309563,0.0,0.0,0.0
0.0,0.0,0.0,0.7816875854461127,0.7796438311396562,0.8076880193434135,0.7977760787168123,0.7792658903547676,0.0,0.0,0.779789901704228,0.779666246615777,0.0,0.8124913204092552,0.811596398477233,0.0,0.7766884715611443,0.7825555239811876,0.812033903976972,0.0,0.0,0.8149280316591802,0.8304456260547864,0.0,0.0,0.7820496090475666,0.0,0.0,0.7791229195282157,0.0,0.0,0.0,0.0,0.8359991116263902,0.7830721265907198,0.79747398636614,0.7916889665053143,0.7968749338929798,0.0,0.0,0.0,0.0,0.0,0.7808847668652518,0.0,1.0,0.0,0.0,0.7773471247695071,0.0,0.0,0.7739565024045257,0.0,0.0,0.7752162182351784,0.0,0.0,0.0,0.0,0.830285932595543,0.7797955373273848,0.7831884236769491,0.0,0.779688682733193,0.0,0.0,0.820440026409829,0.0,0.7813729020662438,0.0,0.7762120305249779,0.0,0.0,0.797433598287611,0.7797842673841054,0.8078097920678946,0.8075769081042885,0.7789535443400607,0.0,0.7932318605000613,0.8003926122428272,0.0,0.0,0.0,0.0,0.774027508450332,0.0,0.0,0.7725408580560994,0.0,0.781288867906709,0.8425019586441405,0.7760230783071883,0.0,0.8290104716360629,0.0,0.0,0.7782399577352468,0.0,0.0,0.0,0.8258035386316098,0.0,0.8112211307472552,0.0,0.0,0.0,0.7744444090611124,0.0
0.0,0.7980475819549248,0.0,0.0,0.0,0.0,0.0,0.0,0.0,0.0,0.0,0.0,0.0,0.0,0.0,0.0,0.0,0.0,0.0,0.0,0.0,0.0,0.0,0.0,0.0,0.0,0.0,0.0,0.0,0.0,0.0,0.0,0.0,0.0,0.0,0.0,0.0,0.0,0.8097948316669503,0.0,0.0,0.0,0.0,0.0,0.8063146183391465,0.0,1.0,0.0,0.0,0.0,0.0,0.0,0.0,0.0,0.0,0.0,0.8157850737835893,0.0,0.0,0.0,0.0,0.0,0.0,0.0,0.0,0.0,0.0,0.8097921371112241,0.0,0.8100504302416911,0.0,0.0,0.0,0.0,0.0,0.0,0.0,0.0,0.8061862101096398,0.0,0.0,0.0,0.0,0.0,0.0,0.0,0.0,0.7892246680861273,0.0,0.0,0.0,0.0,0.0,0.0,0.0,0.0,0.0,0.0,0.0,0.0,0.8105108753984787,0.0,0.0,0.0,0.0,0.7988204859984902,0.0,0.0,0.0
0.0,0.0,0.0,0.0,0.0,0.0,0.0,0.0,0.0,0.8397489291596161,0.0,0.0,0.0,0.0,0.0,0.0,0.0,0.0,0.0,0.0,0.0,0.0,0.0,0.8286905164802503,0.0,0.0,0.0,0.0,0.0,0.0,0.0,0.0,0.0,0.0,0.0,0.0,0.0,0.0,0.0,0.0,0.9363752430767539,0.0,0.0,0.0,0.0,0.0,0.0,1.0,0.0,0.0,0.0,0.0,0.0,0.0,0.0,0.0,0.0,0.0,0.0,0.0,0.0,0.0,0.0,0.0,0.8376423375084057,0.0,0.0,0.0,0.0,0.0,0.0,0.0,0.0,0.0,0.0,0.0,0.0,0.0,0.0,0.0,0.0,0.0,0.0,0.0,0.0,0.0,0.0,0.0,0.0,0.0,0.0,0.0,0.0,0.0,0.0,0.0,0.0,0.0,0.0,0.0,0.0,0.0,0.0,0.0,0.0,0.0,0.0,0.0,0.9373743103678955
0.0,0.0,0.0,0.8100258303300628,0.7797673722360152,0.779688682733193,0.7979049973408473,0.8075035833351905,0.0,0.0,0.8080492451665889,0.779789901704228,0.0,0.8051008096608473,0.7834816071135563,0.0,0.776797844171092,0.0,0.7941897179430529,0.0,0.0,0.7794097055217172,0.8157194885028504,0.0,0.0,0.0,0.0,0.0,0.7792438401307958,0.0,0.0,0.0,0.0,0.7789154608779608,0.7832143426951194,0.8081021133799746,0.7742821749361162,0.7793764419507541,0.0,0.0,0.0,0.0,0.7779299859509041,0.8226340264194568,0.0,0.7773471247695071,0.0,0.0,1.0,0.7804930479182208,0.0,0.8019778504264226,0.0,0.0,0.7928502132543616,0.0,0.0,0.0,0.0,0.7735696526935993,0.797554959415487,0.783331319133065,0.0,0.779812452020997,0.0,0.0,0.7790517477035229,0.0,0.7815055428337642,0.0,0.8387522147904248,0.0,0.0,0.8080609840967671,0.7799085243445351,0.7798068124851752,0.7723493755105361,0.7790736245748847,0.0,0.7933391965632152,0.7828347933313982,0.0,0.0,0.0,0.0,0.7741254833592023,0.0,0.0,0.8138055729868297,0.0,0.7814210517544016,0.779914187469114,0.0,0.0,0.7753285123176541,0.0,0.0,0.7783565593167067,0.0,0.0,0.0,0.779548794779318,0.0,0.7831172875878166,0.0,0.0,0.0,0.7745440902016211,0.0
0.0,0.0,0.0,0.0,0.7831237459675409,0.0,0.0,0.8003861226080431,0.0,0.0,0.783292264840411,0.7831495965436149,0.0,0.7800504987046222,0.0,0.0,0.0,0.0,0.0,0.0,0.0,0.0,0.8011570679188007,0.0,0.0,0.0,0.0,0.0,0.0,0.0,0.0,0.0,0.0,0.8238283944144823,0.0,0.8299615692314285,0.8183239244409465,0.0,0.0,0.0,0.0,0.0,0.0,0.7845602635114233,0.0,0.0,0.0,0.0,0.7804930479182208,1.0,0.0,0.0,0.0,0.0,0.0,0.0,0.0,0.810851337188577,0.0,0.0,0.7832987695636621,0.0,0.0,0.0,0.0,0.0,0.0,0.0,0.0,0.0,0.7792053002184895,0.0,0.0,0.8299132626780713,0.7832857618452582,0.0,0.0,0.7823293794019484,0.0,0.7786182892980698,0.0,0.0,0.0,0.8007126845463417,0.0,0.8122719795313665,0.0,0.0,0.8212097004802152,0.0,0.0,0.8191154693821501,0.0,0.0,0.8136777510235075,0.81918357297162,0.0,0.0,0.0,0.0,0.0,0.0,0.0,0.0,0.0,0.0,0.0,0.8186317360881262,0.0
0.0,0.0,0.0,0.0,0.0,0.0,0.0,0.0,0.9994949686001249,0.0,0.0,0.0,0.0,0.0,0.0,0.0,0.7424133109788833,0.0,0.0,0.0,0.0,0.0,0.0,0.0,0.0,0.0,0.0,0.0,0.0,0.7604926112292193,0.0,0.0,0.0,0.7428945515067245,0.0,0.0,0.0,0.0,0.0,0.0,0.0,0.0,0.0,0.0,0.0,0.0,0.0,0.0,0.0,0.0,1.0,0.0,0.0,0.0,0.0,0.0,0.0,0.0,0.0,0.0,0.0,0.0,0.0,0.0,0.0,0.9800994218551586,0.7429244395433653,0.0,0.0,0.0,0.0,0.0,0.0,0.0,0.0,0.0,0.0,0.0,0.0,0.0,0.0,0.0,0.0,0.0,0.0,0.0,0.0,0.0,0.0,0.0,0.0,0.0,0.0,0.0,0.0,0.0,0.0,0.0,0.9833753034344602,0.7431226714330276,0.0,0.0,0.0,0.0,0.0,0.0,0.0,0.0,0.0
0.0,0.0,0.0,0.7777998247697209,0.7760472208415311,0.8039728043906074,0.0,0.0,0.0,0.0,0.776173150904335,0.7760665521885242,0.0,0.7737139970094634,0.7791997994927593,0.0,0.7734782439401032,0.0,0.8086986114160679,0.0,0.0,0.0,0.0,0.0,0.0,0.0,0.0,0.0,0.8110685977704855,0.0,0.0,0.0,0.0,0.8350951109474942,0.7965890836787403,0.0,0.7712709542315684,0.7757113933946653,0.0,0.0,0.0,0.0,0.0,0.0,0.0,0.7739565024045257,0.0,0.0,0.8019778504264226,0.0,0.0,1.0,0.0,0.0,0.7721840948905073,0.0,0.0,0.775668551128997,0.0,0.8514438652314994,0.7761780074501574,0.7966895976656065,0.0,0.7760858989568383,0.0,0.0,0.810895625578733,0.0,0.777531301980531,0.0,0.773060452135009,0.0,0.0,0.0,0.7761682953307211,0.7936293677457296,0.8867575608043873,0.7754507544383982,0.0,0.7726036278447423,0.7786559102060455,0.0,0.0,0.0,0.0,0.7711325809434344,0.0,0.0,0.769809538920031,0.0,0.7774595115087711,0.793723540121442,0.0,0.0,0.8444385762266706,0.0,0.0,0.7748318327280116,0.0,0.0,0.0,0.7758595434436998,0.0,0.7788937256217444,0.0,0.0,0.0,0.7715020220503234,0.0
0.0,0.0,0.781463260753715,0.0,0.0,0.0,0.0,0.0,0.0,0.0,0.7838181818419597,0.0,0.0,0.0,0.0,0.0,0.0,0.0,0.0,0.0,0.8481137729534458,0.0,0.0,0.0,0.0,0.0,0.7849956151043056,0.0,0.0,0.0,0.0,0.0,0.0,0.800347220119945,0.0,0.0,0.0,0.0,0.0,0.0,0.0,0.8458262320808055,0.0,0.0,0.0,0.0,0.0,0.0,0.0,0.0,0.0,0.0,1.0,0.7830399196863049,0.0,0.8352484566158606,0.0,0.0,0.7848496375475739,0.0,0.0,0.0,0.0,0.0,0.0,0.0,0.0,0.0,0.0,0.0,0.0,0.0,0.0,0.0,0.0,0.0,0.0,0.8186370758033363,0.0,0.0,0.0,0.0,0.0,0.0,0.0,0.0,0.0,0.0,0.8292664200128345,0.0,0.0,0.0,0.0,0.0,0.0,0.0,0.0,0.7996823529240401,0.0,0.8305271874719966,0.0,0.0,0.834852474309217,0.0,0.0,0.0,0.8415545834843311,0.0,0.0
0.8061290470803495,0.0,0.8153764386983956,0.0,0.0,0.0,0.0,0.0,0.0,0.0,0.8663135339945214,0.0,0.0,0.0,0.0,0.0,0.0,0.0,0.0,0.0,0.9898098209673233,0.0,0.0,0.0,0.8213260819072374,0.0,0.9378523615892664,0.0,0.0,0.0,0.0,0.939639081296625,0.0,0.0,0.0,0.0,0.0,0.0,0.0,0.0,0.0,0.9595521715743489,0.0,0.0,0.0,0.0,0.0,0.0,0.0,0.0,0.0,0.0,0.7830399196863049,1.0,0.0,0.9353760173856496,0.0,0.0,0.9349915516705088,0.0,0.0,0.0,0.8142389677635776,0.0,0.0,0.0,0.0,0.0,0.0,0.0,0.0,0.9055057301271793,0.0,0.0,0.0,0.0,0.0,0.0,0.0,0.0,0.0,0.0,0.0,0.0,0.8067846145327516,0.0,0.0,0.0,0.7740898101896959,0.0,0.0,0.0,0.0,0.8163830583879322,0.0,0.0,0.0,0.0,0.0,0.0,0.0,0.0,0.936249963890243,0.0,0.8461162662527547,0.0,0.0,0.0,0.0
0.0,0.0,0.0,0.8073947088645864,0.7774236956647135,0.7949292717011429,0.0,0.7946493514741906,0.0,0.0,0.777556992927436,0.7950232838488953,0.0,0.7924838010049108,0.7984274413875462,0.0,0.7747126670919248,0.0,0.7920715768387541,0.0,0.0,0.0,0.7952598823848279,0.0,0.0,0.7796102465462206,0.7784630479988995,0.0,0.7945156921161696,0.0,0.0,0.0,0.0,0.7766488215788971,0.7805336807692758,0.7951860322519371,0.7898599872269106,0.8051008096608473,0.0,0.0,0.0,0.0,0.793290349823576,0.8066399183979849,0.0,0.7752162182351784,0.0,0.0,0.7928502132543616,0.0,0.0,0.7721840948905073,0.0,0.0,1.0,0.0,0.0,0.0,0.0,0.771735325897519,0.7951439305054898,0.7982898337653185,0.0,0.7950442238379112,0.0,0.0,0.812297992381195,0.0,0.7966113850745877,0.0,0.7917806222004804,0.0,0.0,0.7951491893243764,0.7775518525645255,0.7950389871858453,0.7706023209680928,0.7767928619830617,0.0,0.7912896677438379,0.7978345954678616,0.0,0.0,0.0,0.0,0.7897117541227852,0.0,0.0,0.8061208915114361,0.0,0.807020122937385,0.777556992927436,0.0,0.7765302588234507,0.7733612240716142,0.0,0.7970162642240974,0.776139182283978,0.0,0.0,0.0,0.777225111167717,0.0,0.7980937132527487,0.0,0.0,0.7776755223915878,0.790107607568511,0.0
0.7968073791801903,0.0,0.809097618411357,0.0,0.0,0.0,0.0,0.0,0.0,0.0,0.8009372064422807,0.0,0.0,0.0,0.0,0.0,0.0,0.0,0.0,0.0,0.9347171302534697,0.0,0.0,0.0,0.8167028580073122,0.0,0.9515391510363405,0.0,0.0,0.0,0.0,0.9430417539274337,0.0,0.0,0.0,0.0,0.0,0.0,0.0,0.0,0.0,0.9393003593548472,0.0,0.0,0.0,0.0,0.0,0.0,0.0,0.0,0.0,0.0,0.8352484566158606,0.9353760173856496,0.0,1.0,0.0,0.0,0.9581927653146057,0.0,0.0,0.0,0.7974163091289435,0.0,0.0,0.0,0.0,0.0,0.0,0.0,0.0,0.9125957330988577,0.0,0.0,0.0,0.0,0.0,0.0,0.0,0.0,0.0,0.0,0.0,0.0,0.8079847784190075,0.0,0.0,0.0,0.8252540192868751,0.0,0.0,0.0,0.0,0.7996193455925854,0.0,0.0,0.0,0.0,0.0,0.0,0.0,0.0,0.9597533670788368,0.0,0.8402454596481462,0.0,0.0,0.0,0.0
0.0,0.7982278595227377,0.0,0.0,0.0,0.0,0.0,0.0,0.0,0.0,0.0,0.0,0.0,0.0,0.0,0.0,0.0,0.0,0.0,0.0,0.0,0.0,0.0,0.0,0.0,0.0,0.0,0.0,0.0,0.0,0.0,0.0,0.0,0.0,0.0,0.0,0.0,0.0,0.8100004619238715,0.0,0.0,0.0,0.0,0.0,0.806523651769464,0.0,0.8157850737835893,0.0,0.0,0.0,0.0,0.0,0.0,0.0,0.0,0.0,1.0,0.0,0.0,0.0,0.0,0.0,0.0,0.0,0.0,0.0,0.0,0.8099977453876791,0.0,0.802747869576761,0.0,0.0,0.0,0.0,0.0,0.0,0.0,0.0,0.8104140407189592,0.0,0.0,0.0,0.0,0.0,0.0,0.0,0.0,0.7997750519868059,0.0,0.0,0.0,0.0,0.0,0.0,0.0,0.0,0.0,0.0,0.0,0.0,0.810722428418682,0.0,0.0,0.0,0.0,0.8077260619792104,0.0,0.0,0.0
0.0,0.0,0.0,0.0,0.7818280760293734,0.0,0.0,0.0,0.0,0.0,0.7819878703702862,0.0,0.0,0.778904590823772,0.0,0.0,0.0,0.0,0.0,0.0,0.0,0.0,0.0,0.0,0.0,0.0,0.0,0.0,0.0,0.0,0.0,0.0,0.0,0.0,0.0,0.0,0.0,0.0,0.0,0.0,0.0,0.0,0.0,0.0,0.0,0.0,0.0,0.0,0.0,0.810851337188577,0.0,0.775668551128997,0.0,0.0,0.0,0.0,0.0,1.0,0.0,0.0,0.7819940372239139,0.0,0.0,0.0,0.0,0.0,0.0,0.0,0.0,0.0,0.0,0.0,0.0,0.0,0.7819817050725082,0.0,0.0,0.0,0.0,0.0,0.0,0.0,0.0,0.8890656154156938,0.0,0.0,0.0,0.0,0.0,0.0,0.0,0.0,0.7778934705121797,0.0,0.0,0.8495089520395387,0.0,0.0,0.0,0.0,0.0,0.0,0.0,0.0,0.0,0.0,0.0,0.0,0.0
0.8076475586370067,0.0,0.8170204487961337,0.0,0.0,0.0,0.0,0.0,0.0,0.0,0.801345143247787,0.0,0.774498729692422,0.0,0.0,0.0,0.0,0.0,0.0,0.0,0.9339437224767835,0.0,0.0,0.0,0.8278404395508567,0.0,0.9527317952087816,0.0,0.0,0.0,0.7793045263548325,0.9443486759314698,0.775873928706608,0.0,0.0,0.0,0.0,0.0,0.0,0.0,0.0,0.9379318342867436,0.0,0.0,0.0,0.0,0.0,0.0,0.0,0.0,0.0,0.0,0.7848496375475739,0.9349915516705088,0.0,0.9581927653146057,0.0,0.0,1.0,0.0,0.0,0.0,0.8082732233131351,0.0,0.0,0.0,0.0,0.0,0.0,0.0,0.0,0.912808030068486,0.779874573203226,0.0,0.0,0.0,0.0,0.0,0.0,0.0,0.0,0.7790517477035229,0.0,0.0,0.8158807727655635,0.0,0.0,0.0,0.0,0.7776858566755055,0.0,0.0,0.0,0.8240055159109807,0.0,0.0,0.0,0.0,0.0,0.0,0.0,0.0,0.958598920004185,0.0,0.8516902439959216,0.0,0.0,0.0,0.0
0.0,0.0,0.0,0.777235255590837,0.7755215602668128,0.7754554683961049,0.7759363636573856,0.7927306530324298,0.0,0.0,0.775644782548508,0.7755404768118571,0.0,0.8268830559853271,0.7786021838411259,0.0,0.7730050044058535,0.0,0.8007411883237128,0.0,0.0,0.0,0.8260102282438343,0.0,0.0,0.0,0.0,0.0,0.7750812203976947,0.0,0.0,0.0,0.0,0.8160925834610465,0.7783831378147849,0.7932269926134267,0.7708387157149457,0.775192889006411,0.0,0.0,0.0,0.0,0.7739698001695627,0.7941240243423194,0.0,0.830285932595543,0.0,0.0,0.7735696526935993,0.0,0.0,0.8514438652314994,0.0,0.0,0.771735325897519,0.0,0.0,0.0,0.0,1.0,0.7756495344004033,0.7784790615839944,0.0,0.775559408133289,0.0,0.0,0.8103595612620256,0.0,0.7769728680540362,0.0,0.7725952491045285,0.0,0.0,0.7931929441475497,0.7756400316279944,0.816882963974619,0.8592547550217854,0.7749377395858743,0.0,0.7721470622408493,0.7780713472262711,0.0,0.0,0.0,0.0,0.7707027958068281,0.0,0.0,0.7867998423100477,0.0,0.7769027070144916,0.8425516473055887,0.0,0.0,0.8338083554722052,0.7756923430390371,0.0,0.7743316311780468,0.0,0.0,0.0,0.8166546318186351,0.0,0.7783034892903337,0.0,0.0,0.0,0.7710656566636359,0.0
0.0,0.0,0.0,0.8266149099696586,0.9695925998945772,0.7823982574915087,0.0,0.8178289138291115,0.0,0.0,0.7826503716432254,0.782511387313807,0.0,0.807607162689496,0.8044642265090549,0.0,0.7791888017677884,0.785781977224525,0.7966169635466447,0.0,0.0,0.0,0.8185970550801839,0.0,0.0,0.7852056729334227,0.0,0.0,0.7995816173109982,0.0,0.0,0.0,0.0,0.7815357892009939,0.7863721326293927,0.8109432809657846,0.7939831183533048,0.7820496090475666,0.0,0.0,0.0,0.0,0.8220295758432341,0.8121630157437743,0.0,0.7797955373273848,0.0,0.0,0.797554959415487,0.7832987695636621,0.0,0.7761780074501574,0.0,0.0,0.7951439305054898,0.0,0.0,0.7819940372239139,0.0,0.7756495344004033,1.0,0.7865052258558669,0.0,0.7825365985113549,0.0,0.0,0.7816875854461127,0.0,0.7844372839454077,0.0,0.796267938972716,0.0,0.0,0.8108972673769376,0.9999676129067765,0.7825302932748083,0.7743226316122637,0.799387590282514,0.0,0.8061562513945638,0.8037121202871552,0.0,0.0,0.8000637694232339,0.0,0.7938081037600714,0.0,0.0,0.8159095526468285,0.0,0.7843420578931989,0.7826503716432254,0.0,0.0,0.7775724205440009,0.7827138083834864,0.0,0.7809142533567079,0.0,0.0,0.0,0.7822419961065609,0.0,0.8040402769690893,0.0,0.0,0.0,0.7942758881737747,0.0
0.0,0.0,0.0,0.789024691632227,0.7863058553480045,0.8280988426858761,0.0,0.0,0.0,0.0,0.7864978128487278,0.8282380647740532,0.0,0.7828347933313982,0.7912761682695247,0.0,0.7824924959584664,0.0,0.7822794078497931,0.0,0.0,0.0,0.0,0.0,0.0,0.0,0.0,0.0,0.827488983960545,0.0,0.0,0.0,0.0,0.0,0.7909100082209229,0.0,0.7969766108202979,0.8276704366188767,0.0,0.0,0.0,0.0,0.0,0.7879480004693602,0.0,0.7831884236769491,0.0,0.0,0.783331319133065,0.0,0.0,0.7966895976656065,0.0,0.0,0.7982898337653185,0.0,0.0,0.0,0.0,0.7784790615839944,0.7865052258558669,1.0,0.0,0.8223284821282243,0.0,0.0,0.8031334803946654,0.0,0.8306247933134693,0.0,0.7818894117838013,0.0,0.0,0.0,0.7864904020767575,0.8282613414408571,0.7769929513602613,0.7854033627055488,0.0,0.781234998279148,0.7903924366313823,0.0,0.0,0.0,0.0,0.7967792853849394,0.0,0.0,0.7949136375409791,0.0,0.8063173575517403,0.7864978128487278,0.0,0.0,0.7806501489894259,0.0,0.7891895032637665,0.7844782086258922,0.0,0.0,0.0,0.7860207019576596,0.0,0.7907773909389609,0.0,0.0,0.0,0.7973070888158379,0.0
0.855860886452678,0.0,0.7773063854321778,0.0,0.0,0.7790572150786608,0.0,0.0,0.0,0.0,0.0,0.0,0.0,0.0,0.0,0.7805685628830632,0.0,0.0,0.0,0.0,0.8064960481098243,0.0,0.797027605373374,0.0,0.7949344852751818,0.0,0.8083978581559572,0.0,0.0,0.0,0.0,0.806913310887471,0.0,0.0,0.0,0.0,0.0,0.0,0.0,0.0,0.0,0.8140877228093081,0.0,0.0,0.0,0.0,0.0,0.0,0.0,0.0,0.0,0.0,0.0,0.8142389677635776,0.0,0.7974163091289435,0.0,0.0,0.8082732233131351,0.0,0.0,0.0,1.0,0.0,0.0,0.0,0.8065181286184169,0.0,0.0,0.0,0.0,0.8080433777473077,0.0,0.0,0.0,0.7967905190996206,0.0,0.0,0.0,0.0,0.0,0.0,0.0,0.0,0.852247750873783,0.0,0.0,0.0,0.0,0.0,0.0,0.7792769229585483,0.0,0.7957722816023272,0.0,0.0,0.0,0.0,0.0,0.7793321610739037,0.0,0.0,0.8075956328561623,0.0,0.8179729006619705,0.0,0.0,0.0,0.0
0.0,0.0,0.0,0.7846632198139867,0.7823669252117492,0.8451916751935744,0.0,0.7819447459154603,0.0,0.0,0.7825302932748083,0.8453133090430609,0.0,0.7793819827254131,0.7865349002626817,0.0,0.7790845703868127,0.0,0.7788991576165045,0.0,0.0,0.0,0.7826757265990403,0.0,0.0,0.0,0.0,0.0,0.8661844957740663,0.0,0.0,0.0,0.0,0.0,0.7862324229846096,0.0,0.7938879572676554,0.8514146181337958,0.0,0.0,0.0,0.0,0.0,0.7837584491861863,0.0,0.779688682733193,0.0,0.0,0.779812452020997,0.0,0.0,0.7760858989568383,0.0,0.0,0.7950442238379112,0.0,0.0,0.0,0.0,0.775559408133289,0.7825365985113549,0.8223284821282243,0.0,1.0,0.0,0.0,0.7992446023396792,0.0,0.8559041832801901,0.0,0.7785592880021689,0.0,0.0,0.0,0.7825239896635844,0.8477096670837054,0.7742373022675726,0.7815963945412416,0.0,0.7779874783997884,0.7858035838354731,0.0,0.0,0.0,0.0,0.7937136103850337,0.0,0.0,0.7745440902016211,0.0,0.8019456025134658,0.7825302932748083,0.0,0.0,0.7774748773339731,0.0,0.784801170791463,0.7808023937397629,0.0,0.0,0.0,0.7821239019257843,0.0,0.7861226843183317,0.0,0.0,0.0,0.79417959990976,0.0
0.0,0.0,0.0,0.0,0.0,0.0,0.0,0.0,0.0,0.8364308788553433,0.0,0.0,0.0,0.0,0.0,0.0,0.0,0.0,0.0,0.0,0.0,0.0,0.0,0.8503116418277503,0.0,0.0,0.0,0.0,0.0,0.0,0.0,0.0,0.0,0.0,0.0,0.0,0.0,0.0,0.0,0.0,0.8339624798629584,0.0,0.0,0.0,0.0,0.0,0.0,0.8376423375084057,0.0,0.0,0.0,0.0,0.0,0.0,0.0,0.0,0.0,0.0,0.0,0.0,0.0,0.0,0.0,0.0,1.0,0.0,0.0,0.0,0.0,0.0,0.0,0.0,0.0,0.0,0.0,0.0,0.0,0.0,0.0,0.0,0.0,0.0,0.0,0.0,0.0,0.0,0.0,0.0,0.0,0.0,0.0,0.0,0.0,0.0,0.0,0.0,0.0,0.0,0.0,0.0,0.0,0.0,0.0,0.0,0.0,0.0,0.0,0.0,0.8335898201193901
0.0,0.0,0.0,0.0,0.0,0.0,0.0,0.0,0.9801714560307745,0.0,0.0,0.0,0.0,0.0,0.0,0.0,0.7494419638581812,0.0,0.0,0.0,0.0,0.0,0.0,0.0,0.0,0.0,0.0,0.0,0.0,0.0,0.0,0.0,0.0,0.7500948791936562,0.0,0.0,0.0,0.0,0.0,0.0,0.0,0.0,0.0,0.0,0.0,0.0,0.0,0.0,0.0,0.0,0.9800994218551586,0.0,0.0,0.0,0.0,0.0,0.0,0.0,0.0,0.0,0.0,0.0,0.0,0.0,0.0,1.0,0.7501355838184126,0.0,0.0,0.0,0.0,0.0,0.0,0.0,0.0,0.0,0.0,0.0,0.0,0.0,0.0,0.0,0.0,0.0,0.0,0.0,0.0,0.0,0.0,0.0,0.0,0.0,0.0,0.0,0.0,0.0,0.0,0.0,0.9815586001061646,0.7504060215227121,0.0,0.0,0.0,0.0,0.0,0.0,0.0,0.0,0.0
0.0,0.0,0.0,0.7837385706292752,0.7815236861586592,0.846656903721104,0.0,0.7987778594953966,0.742985530706335,0.0,0.7816814954496245,0.8172913256653459,0.0,0.8067232955513364,0.7855384219796042,0.0,0.7959454550523264,0.0,0.8196334934291202,0.0,0.0,0.0,0.8234842159329546,0.0,0.0,0.0,0.7827583121976707,0.0,0.8383235071237947,0.0,0.0,0.0,0.0,0.8407982473304491,0.7852479011671826,0.8233940641518013,0.8036553774857184,0.8092817882266958,0.0,0.0,0.0,0.0,0.0,0.8294486236796677,0.0,0.820440026409829,0.0,0.0,0.7790517477035229,0.0,0.7429244395433653,0.810895625578733,0.0,0.0,0.812297992381195,0.0,0.0,0.0,0.0,0.8103595612620256,0.7816875854461127,0.8031334803946654,0.8065181286184169,0.7992446023396792,0.0,0.7501355838184126,1.0,0.0,0.8251427216518017,0.0,0.7778361997010811,0.0,0.0,0.8233491064295481,0.7816754069710461,0.8321984948412776,0.7911236871166434,0.7807789095467212,0.0,0.7772809579993041,0.7848357801270112,0.0,0.7967344011410122,0.0,0.0,0.793042717780026,0.0,0.0,0.824067656004894,0.0,0.8250465854813614,0.8233362757811594,0.0,0.0,0.8306758641775065,0.0,0.812149212485117,0.7800106624557697,0.7405997248921548,0.7994187832215653,0.0,0.8170204487961337,0.0,0.7851424665337676,0.0,0.0,0.0,0.7934961560034351,0.0
0.0,0.8245605582028127,0.0,0.0,0.0,0.0,0.0,0.7714340655193779,0.0,0.0,0.0,0.0,0.0,0.0,0.0,0.0,0.0,0.0,0.0,0.0,0.0,0.0,0.0,0.0,0.0,0.0,0.0,0.0,0.0,0.0,0.0,0.0,0.0,0.0,0.0,0.0,0.0,0.0,0.9835302685996365,0.0,0.0,0.0,0.0,0.0,0.984322868233317,0.0,0.8097921371112241,0.0,0.0,0.0,0.0,0.0,0.0,0.0,0.0,0.0,0.8099977453876791,0.0,0.0,0.0,0.0,0.0,0.0,0.0,0.0,0.0,0.0,1.0,0.0,0.8101311996863927,0.0,0.0,0.0,0.0,0.0,0.0,0.0,0.0,0.933982088641451,0.0,0.0,0.0,0.0,0.0,0.0,0.0,0.0,0.8249839956104071,0.0,0.0,0.0,0.0,0.0,0.0,0.0,0.0,0.0,0.0,0.0,0.0,0.9844208951539248,0.0,0.0,0.0,0.0,0.8178540782179251,0.0,0.0,0.0
0.0,0.0,0.0,0.7867436302529212,0.784253963746209,0.8575253321373012,0.0,0.7837982547666557,0.0,0.0,0.7844304698027494,0.8497359883844467,0.0,0.781044418840857,0.7887876547506506,0.0,0.7807261526114332,0.0,0.7805278719303665,0.0,0.0,0.0,0.7845876762817566,0.0,0.0,0.0,0.0,0.0,0.8586197319612889,0.0,0.0,0.0,0.0,0.7832337999872806,0.7884563760661862,0.0,0.7953816860421897,0.8468183270427854,0.0,0.0,0.0,0.0,0.0,0.7857603896085761,0.0,0.7813729020662438,0.0,0.0,0.7815055428337642,0.0,0.0,0.777531301980531,0.0,0.0,0.7966113850745877,0.0,0.0,0.0,0.0,0.7769728680540362,0.7844372839454077,0.8306247933134693,0.0,0.8559041832801901,0.0,0.0,0.8251427216518017,0.0,1.0,0.0,0.7801646765812899,0.0,0.0,0.0,0.7844236575537304,0.8558967861755095,0.7755736163350458,0.783422688851071,0.0,0.7795543749025668,0.7879873416193959,0.0,0.0,0.0,0.0,0.7951965688436955,0.0,0.0,0.7758979231272487,0.0,0.8040327710619135,0.7844304698027494,0.0,0.0,0.7790080528491734,0.0,0.7868938155967413,0.7825681491028363,0.0,0.0,0.0,0.7839915655911293,0.0,0.7883362807403429,0.0,0.0,0.0,0.7956915198021904,0.0
0.0,0.7983447857682893,0.0,0.0,0.0,0.0,0.0,0.0,0.0,0.0,0.0,0.0,0.0,0.0,0.0,0.0,0.0,0.0,0.0,0.0,0.0,0.0,0.0,0.0,0.0,0.0,0.0,0.0,0.0,0.0,0.0,0.0,0.0,0.0,0.0,0.0,0.0,0.0,0.8101339305823201,0.0,0.0,0.0,0.0,0.0,0.8066593484155719,0.0,0.8100504302416911,0.0,0.0,0.0,0.0,0.0,0.0,0.0,0.0,0.0,0.802747869576761,0.0,0.0,0.0,0.0,0.0,0.0,0.0,0.0,0.0,0.0,0.8101311996863927,0.0,1.0,0.0,0.0,0.0,0.0,0.0,0.0,0.0,0.0,0.8065291761311144,0.0,0.0,0.0,0.0,0.0,0.0,0.0,0.0,0.7894847841005377,0.0,0.0,0.0,0.0,0.0,0.0,0.0,0.0,0.0,0.0,0.0,0.0,0.8108597671066972,0.0,0.0,0.0,0.0,0.7991270961786693,0.0,0.0,0.0
0.0,0.0,0.0,0.8086189601564349,0.7785164676591695,0.77844171293635,0.0,0.7957507194626117,0.0,0.0,0.8067455761104686,0.7785378684100277,0.0,0.7934912359513607,0.7820310710618634,0.0,0.7756875827885009,0.0,0.8035030541939465,0.0,0.0,0.0,0.7963892651806903,0.0,0.0,0.0,0.0,0.0,0.778018895316462,0.0,0.0,0.0,0.0,0.7777065384360448,0.7817791180506612,0.7963119891837742,0.7732792150944378,0.7781449705106477,0.0,0.0,0.0,0.0,0.7767679663697737,0.7796999085440873,0.0,0.7762120305249779,0.0,0.0,0.8387522147904248,0.7792053002184895,0.0,0.773060452135009,0.0,0.0,0.7917806222004804,0.0,0.0,0.0,0.0,0.7725952491045285,0.796267938972716,0.7818894117838013,0.0,0.7785592880021689,0.0,0.0,0.7778361997010811,0.0,0.7801646765812899,0.0,1.0,0.0,0.0,0.7962734409865079,0.7786505322281114,0.7785539313359773,0.7714220930501786,0.7778570098419869,0.0,0.8026790372810175,0.7814210517544016,0.0,0.0,0.0,0.0,0.7731288706620056,0.0,0.0,0.7891440701496973,0.0,0.7800846959523011,0.7962624381752166,0.0,0.0,0.7742821749361162,0.0,0.0,0.7771744525109666,0.0,0.0,0.0,0.7783087910852395,0.0,0.7816875854461127,0.0,0.0,0.0,0.7735304351800757,0.0
0.8074233145258776,0.0,0.8167772305422966,0.0,0.0,0.0,0.0,0.0,0.0,0.0,0.7833704358330423,0.0,0.7743226316122637,0.0,0.0,0.0,0.0,0.0,0.0,0.0,0.9052145495940139,0.0,0.0,0.0,0.8168393736250958,0.0,0.913241259230308,0.0,0.0,0.0,0.7790900451387431,0.9087828711556477,0.7756875827885009,0.0,0.0,0.0,0.0,0.0,0.0,0.0,0.0,0.9080385824648686,0.0,0.0,0.0,0.0,0.0,0.0,0.0,0.0,0.0,0.0,0.0,0.9055057301271793,0.0,0.9125957330988577,0.0,0.0,0.912808030068486,0.0,0.0,0.0,0.8080433777473077,0.0,0.0,0.0,0.0,0.0,0.0,0.0,0.0,1.0,0.7796550362998916,0.0,0.0,0.0,0.0,0.0,0.0,0.0,0.0,0.778839472245043,0.0,0.0,0.8081138769180095,0.0,0.0,0.0,0.0,0.7774851266189803,0.0,0.0,0.0,0.8237500631976458,0.0,0.0,0.0,0.0,0.0,0.0,0.0,0.0,0.913468183629192,0.0,0.8453381551240516,0.0,0.801237498710789,0.0,0.0
0.0,0.0,0.0,0.0,0.0,0.0,0.0,0.0,0.0,0.0,0.0,0.0,0.8212153242412394,0.0,0.0,0.0,0.8040127662646682,0.0,0.0,0.0,0.0,0.0,0.0,0.0,0.0,0.0,0.7799936096870876,0.0,0.0,0.0,0.9919859692112757,0.7785753650805257,0.8136118874831522,0.0,0.0,0.0,0.0,0.0,0.0,0.0,0.0,0.7782452456973633,0.0,0.0,0.0,0.0,0.0,0.0,0.0,0.0,0.0,0.0,0.0,0.0,0.0,0.0,0.0,0.0,0.779874573203226,0.0,0.0,0.0,0.0,0.0,0.0,0.0,0.0,0.0,0.0,0.0,0.0,0.7796550362998916,1.0,0.0,0.0,0.0,0.0,0.0,0.0,0.0,0.0,0.9155463548955465,0.0,0.0,0.0,0.0,0.0,0.0,0.0,0.8976855725275878,0.0,0.0,0.0,0.7779404290156041,0.0,0.0,0.0,0.0,0.0,0.0,0.0,0.0,0.7792273155559426,0.0,0.0,0.0,0.0,0.0,0.0
0.0,0.0,0.0,0.8266221945249801,0.8107205649888231,0.7824045287686231,0.0,0.9806319758929557,0.0,0.0,0.0,0.0,0.0,0.7794930637360776,0.7866838120473579,0.0,0.0,0.7857891773159944,0.8253603474763431,0.0,0.0,0.0,0.9810655844823333,0.0,0.0,0.78521270592769,0.0,0.0,0.0,0.0,0.0,0.0,0.0,0.8389464701550876,0.0,0.9997638233616468,0.8454253008946704,0.0,0.0,0.0,0.0,0.0,0.8268845892633834,0.9923472555974391,0.0,0.797433598287611,0.0,0.0,0.8080609840967671,0.8299132626780713,0.0,0.0,0.0,0.0,0.7951491893243764,0.0,0.0,0.0,0.0,0.7931929441475497,0.8108972673769376,0.0,0.0,0.0,0.0,0.0,0.8233491064295481,0.0,0.0,0.0,0.7962734409865079,0.0,0.0,1.0,0.800347220119945,0.0,0.8204009028480264,0.0,0.0,0.7956861449970843,0.7859481157765289,0.0,0.0,0.7823794533057341,0.0,0.7762607178493391,0.0,0.0,0.9789358768057357,0.0,0.0,0.8333597846005284,0.7784577124788181,0.0,0.8503276513188096,0.0,0.0,0.0,0.0,0.0,0.0,0.7822482274223803,0.0,0.7862691117339187,0.0,0.0,0.0,0.794280966339434,0.0
0.0,0.0,0.0,0.8206716930531394,0.9696581444015078,0.7823857197608756,0.0,0.8102617011294436,0.0,0.0,0.7826377040153305,0.7824987914554333,0.0,0.7971014489822875,0.8044489616776077,0.0,0.7791778090077904,0.7857675833720331,0.77899168747701,0.0,0.0,0.0,0.8110223562987289,0.0,0.0,0.7851916129894136,0.0,0.0,0.7995690538656643,0.0,0.0,0.0,0.0,0.0,0.7863573888886782,0.8003926122428272,0.7939730841918385,0.7820372488281205,0.0,0.0,0.0,0.0,0.8161216035285869,0.8015958577837061,0.0,0.7797842673841054,0.0,0.0,0.7799085243445351,0.7832857618452582,0.0,0.7761682953307211,0.0,0.0,0.7775518525645255,0.0,0.0,0.7819817050725082,0.0,0.7756400316279944,0.9999676129067765,0.7864904020767575,0.0,0.7825239896635844,0.0,0.0,0.7816754069710461,0.0,0.7844236575537304,0.0,0.7786505322281114,0.0,0.0,0.800347220119945,1.0,0.7825176876768586,0.7743136353923551,0.7993751240045864,0.0,0.7956700275491198,0.8036973054533355,0.0,0.0,0.8000509613325946,0.0,0.7937981401209105,0.0,0.0,0.8100480485600027,0.0,0.7843284843211046,0.7826377040153305,0.0,0.0,0.7775621343780165,0.7827011078662764,0.0,0.7809024544843323,0.0,0.0,0.0,0.7822295382382043,0.0,0.8040252673963107,0.0,0.0,0.0,0.7942657349582337,0.0
0.0,0.0,0.0,0.7846563425945868,0.7823606635712869,0.9962295963734925,0.0,0.7819385914870299,0.0,0.0,0.7825239896635844,0.9554356318336675,0.0,0.7793764419507541,0.7865274783015792,0.0,0.7790790968657081,0.0,0.7788937256217444,0.0,0.0,0.0,0.8109038356336717,0.0,0.0,0.0,0.0,0.0,0.8759647130521216,0.0,0.0,0.0,0.0,0.0,0.7862250918043359,0.0,0.7938829588860009,0.8612604874496548,0.0,0.0,0.0,0.0,0.0,0.8120253198367642,0.0,0.8078097920678946,0.0,0.0,0.7798068124851752,0.0,0.0,0.7936293677457296,0.0,0.0,0.7950389871858453,0.0,0.0,0.0,0.0,0.816882963974619,0.7825302932748083,0.8282613414408571,0.7967905190996206,0.8477096670837054,0.0,0.0,0.8321984948412776,0.0,0.8558967861755095,0.0,0.7785539313359773,0.0,0.0,0.0,0.7825176876768586,1.0,0.7742328195744715,0.7815903272354583,0.0,0.777982246191726,0.7857963795192371,0.0,0.0,0.0,0.0,0.7937086470071377,0.0,0.0,0.7745395503233478,0.0,0.8019386976417805,0.7825239896635844,0.7783459360439594,0.0,0.8055166301700993,0.0,0.7847942547812435,0.7807965205721339,0.0,0.0,0.0,0.7821177022198206,0.0,0.7861153858066824,0.0,0.0,0.0,0.794174542439563,0.0
0.0,0.0,0.0,0.7758212244174136,0.7742014639564103,0.7741388743716436,0.0,0.7913979296595194,0.0,0.0,0.7743181330842281,0.7742193764762266,0.0,0.7894889683309895,0.7946802983783773,0.0,0.7718122464632636,0.0,0.806966660360872,0.0,0.0,0.0,0.8156897327019275,0.0,0.0,0.0,0.0,0.0,0.7737842935525487,0.0,0.0,0.0,0.0,0.8236330114898093,0.7769027070144916,0.8204342972800528,0.7697461883570347,0.7738901230297724,0.0,0.0,0.0,0.0,0.0,0.792716344503231,0.0,0.8075769081042885,0.0,0.0,0.7723493755105361,0.0,0.0,0.8867575608043873,0.0,0.0,0.7706023209680928,0.0,0.0,0.0,0.0,0.8592547550217854,0.7743226316122637,0.7769929513602613,0.0,0.7742373022675726,0.0,0.0,0.7911236871166434,0.0,0.7755736163350458,0.0,0.7714220930501786,0.0,0.0,0.8204009028480264,0.7743136353923551,0.7742328195744715,1.0,0.7736482791024889,0.0,0.7709949976785554,0.776609236266589,0.0,0.0,0.7741210213351007,0.0,0.7696162837417059,0.0,0.0,0.7960906930091918,0.0,0.7755073825413832,0.80225131560681,0.0,0.0,0.8240747268765034,0.0,0.0,0.7730732658583082,0.0,0.0,0.0,0.8094269972500818,0.0,0.7768277587915934,0.0,0.0,0.0,0.7699630154331618,0.0
0.0,0.0,0.0,0.7837650789587562,0.7992198182145306,0.781463260753715,0.0,0.7811395225731217,0.0,0.0,0.7817058645504912,0.7815721343559439,0.0,0.7786559102060455,0.7855669504478354,0.0,0.7783671872311614,0.0,0.7781871412569435,0.0,0.0,0.0,0.781846460593697,0.0,0.0,0.0,0.0,0.0,0.7809851666367817,0.0,0.0,0.0,0.0,0.0,0.7852760937490281,0.0,0.7932318605000613,0.7811276143228781,0.0,0.7772454042526662,0.0,0.0,0.0,0.0,0.0,0.7789535443400607,0.0,0.0,0.7790736245748847,0.7823293794019484,0.0,0.7754507544383982,0.8186370758033363,0.0,0.7767928619830617,0.0,0.0,0.0,0.0,0.7749377395858743,0.799387590282514,0.7854033627055488,0.0,0.7815963945412416,0.0,0.0,0.7807789095467212,0.0,0.783422688851071,0.0,0.7778570098419869,0.0,0.0,0.0,0.7993751240045864,0.7815903272354583,0.7736482791024889,1.0,0.0,0.7773012978157514,0.7848635028019598,0.0,0.0,0.0,0.0,0.7930620507376623,0.0,0.0,0.7739476412878876,0.0,0.783331319133065,0.7817058645504912,0.0,0.0,0.7768028273818766,0.0,0.0,0.7976710934534136,0.0,0.0,0.0,0.7813128481687305,0.0,0.7851705381676807,0.0,0.0,0.781846460593697,0.7935158459796157,0.0
0.0,0.8201522938245805,0.0,0.0,0.0,0.0,0.0,0.0,0.0,0.0,0.0,0.0,0.0,0.0,0.0,0.0,0.0,0.0,0.0,0.0,0.0,0.0,0.0,0.0,0.0,0.0,0.0,0.0,0.0,0.0,0.0,0.0,0.0,0.0,0.0,0.0,0.0,0.0,0.933985789251191,0.0,0.0,0.0,0.0,0.0,0.9330854136889261,0.0,0.8061862101096398,0.0,0.0,0.0,0.0,0.0,0.0,0.0,0.0,0.0,0.8104140407189592,0.0,0.0,0.0,0.0,0.0,0.0,0.0,0.0,0.0,0.0,0.933982088641451,0.0,0.8065291761311144,0.0,0.0,0.0,0.0,0.0,0.0,0.0,0.0,1.0,0.0,0.0,0.0,0.0,0.0,0.0,0.0,0.0,0.816447923868095,0.0,0.0,0.0,0.0,0.0,0.0,0.0,0.0,0.0,0.0,0.0,0.0,0.9347246912954792,0.0,0.0,0.0,0.0,0.815192044423712,0.0,0.0,0.0
0.0,0.0,0.0,0.8079789259589593,0.795536120247392,0.7778726291475215,0.8140040847348018,0.7951755001259597,0.0,0.0,0.795675398871043,0.7779665563203636,0.0,0.840148324887003,0.7990408651218909,0.0,0.7751789022455546,0.7983017695604209,0.841874000454517,0.0,0.0,0.8131771048504544,0.7957992605945557,0.0,0.0,0.7978228811249591,0.0,0.0,0.7774595115087711,0.0,0.0,0.0,0.0,0.7771542185976209,0.7811276143228781,0.7957237930531901,0.7902928046578617,0.7775827110661078,0.0,0.0,0.0,0.0,0.8042387437492337,0.7967175903880491,0.0,0.7932318605000613,0.0,0.0,0.7933391965632152,0.7786182892980698,0.0,0.7726036278447423,0.0,0.0,0.7912896677438379,0.0,0.0,0.0,0.0,0.7721470622408493,0.8061562513945638,0.781234998279148,0.0,0.7779874783997884,0.0,0.0,0.7772809579993041,0.0,0.7795543749025668,0.0,0.8026790372810175,0.0,0.0,0.7956861449970843,0.7956700275491198,0.777982246191726,0.7709949976785554,0.7773012978157514,0.0,1.0,0.7984334415787656,0.0,0.0,0.0,0.0,0.7901419578381472,0.0,0.0,0.7887023899866353,0.0,0.7794763692561418,0.7780818512001159,0.0,0.0,0.7912986714893897,0.7781344392410147,0.0,0.7766339695194308,0.0,0.0,0.0,0.777742773920506,0.0,0.7986988885973749,0.0,0.0,0.0,0.7905448258121457,0.0
0.0,0.0,0.0,0.8062271204006236,0.8035128536690791,0.7856455751089476,0.0,0.78526199340941,0.0,0.0,0.7859336242463887,0.7857747792436105,0.0,0.8000381598000653,0.9405610675573253,0.0,0.7820125471276302,0.7895476221896673,0.7994812861866831,0.0,0.0,0.0,0.7861007952852783,0.0,0.0,0.788877297212494,0.0,0.0,0.7850794225417639,0.0,0.0,0.0,0.0,0.0,0.790236668217637,0.7859989035712248,0.7789317750663842,0.7852479011671826,0.0,0.0,0.0,0.0,0.8011370005285995,0.7873499541121287,0.0,0.8003926122428272,0.0,0.0,0.7828347933313982,0.0,0.0,0.7786559102060455,0.0,0.0,0.7978345954678616,0.0,0.0,0.0,0.0,0.7780713472262711,0.8037121202871552,0.7903924366313823,0.0,0.7858035838354731,0.0,0.0,0.7848357801270112,0.0,0.7879873416193959,0.0,0.7814210517544016,0.0,0.0,0.7859481157765289,0.8036973054533355,0.7857963795192371,0.776609236266589,0.7848635028019598,0.0,0.7984334415787656,1.0,0.0,0.0,0.7856169551804016,0.0,0.7787421198935496,0.0,0.0,0.7769477872590144,0.0,0.7878773444114308,0.7859336242463887,0.0,0.0,0.7978463153172823,0.7860061675507909,0.0,0.7839581271211393,0.0,0.0,0.0,0.7854672455252991,0.0,0.8926903619843098,0.0,0.0,0.0,0.7792493508152312,0.0
0.0,0.0,0.0,0.0,0.0,0.0,0.0,0.0,0.0,0.0,0.0,0.0,0.8241408154665044,0.0,0.0,0.0,0.7928454197512051,0.0,0.0,0.0,0.0,0.0,0.0,0.0,0.0,0.0,0.7791668212083545,0.0,0.0,0.0,0.9137790321247664,0.7777946327918056,0.8253907190465546,0.0,0.0,0.0,0.0,0.0,0.0,0.0,0.0,0.7774748773339731,0.0,0.0,0.0,0.0,0.0,0.0,0.0,0.0,0.0,0.0,0.0,0.0,0.0,0.0,0.0,0.0,0.7790517477035229,0.0,0.0,0.0,0.0,0.0,0.0,0.0,0.0,0.0,0.0,0.0,0.0,0.778839472245043,0.9155463548955465,0.0,0.0,0.0,0.0,0.0,0.0,0.0,0.0,1.0,0.0,0.0,0.0,0.0,0.0,0.0,0.0,0.8997218272730222,0.0,0.0,0.0,0.7771795136243905,0.0,0.0,0.0,0.0,0.0,0.0,0.0,0.0,0.778425723909952,0.0,0.0,0.0,0.0,0.0,0.0
0.0,0.0,0.0,0.0,0.0,0.7797561153082654,0.0,0.0,0.0,0.0,0.0,0.8303793576083179,0.0,0.0,0.0,0.0,0.0,0.0,0.0,0.0,0.0,0.0,0.8082554684309957,0.0,0.0,0.0,0.0,0.0,0.0,0.0,0.0,0.0,0.0,0.0,0.0,0.0,0.0,0.0,0.0,0.82196362187238,0.0,0.0,0.0,0.0,0.0,0.0,0.0,0.0,0.0,0.0,0.0,0.0,0.0,0.0,0.0,0.0,0.0,0.0,0.0,0.0,0.0,0.0,0.0,0.0,0.0,0.0,0.7967344011410122,0.0,0.0,0.0,0.0,0.0,0.0,0.0,0.0,0.0,0.0,0.0,0.0,0.0,0.0,0.0,1.0,0.0,0.0,0.0,0.0,0.0,0.0,0.0,0.0,0.7799822477989169,0.0,0.0,0.8033565191834098,0.0,0.0,0.0,0.0,0.0,0.0,0.7796158407644306,0.0,0.0,0.0,0.0,0.0,0.0,0.0
0.0,0.0,0.0,0.0,0.799891411411359,0.0,0.0,0.781785232435428,0.0,0.0,0.0,0.0,0.0,0.0,0.786342653988628,0.0,0.0,0.0,0.7787583182658302,0.0,0.0,0.0,0.782511387313807,0.0,0.0,0.0,0.0,0.0,0.0,0.0,0.0,0.0,0.0,0.7812649111745765,0.0,0.7824233522569065,0.0,0.0,0.0,0.0,0.0,0.0,0.7801818494782042,0.7835867020478042,0.0,0.0,0.0,0.0,0.0,0.8007126845463417,0.0,0.0,0.0,0.0,0.0,0.0,0.0,0.8890656154156938,0.0,0.0,0.8000637694232339,0.0,0.0,0.0,0.0,0.0,0.0,0.0,0.0,0.0,0.0,0.0,0.0,0.7823794533057341,0.8000509613325946,0.0,0.7741210213351007,0.0,0.0,0.0,0.7856169551804016,0.0,0.0,1.0,0.0,0.0,0.0,0.0,0.7744263292440754,0.0,0.0,0.7823669252117492,0.0,0.0,0.7773420286143211,0.8556336747651586,0.0,0.0,0.0,0.0,0.0,0.0,0.0,0.7859336242463887,0.0,0.0,0.0,0.0,0.0
0.9485692299477018,0.0,0.7949449157069484,0.0,0.0,0.0,0.0,0.0,0.0,0.0,0.0,0.0,0.0,0.0,0.0,0.7982898337653185,0.0,0.0,0.0,0.0,0.8065623477529733,0.0,0.0,0.0,0.7949971336573742,0.0,0.8084693551258207,0.0,0.0,0.0,0.0,0.8069807184750201,0.0,0.0,0.0,0.0,0.0,0.0,0.0,0.0,0.0,0.8066343697140884,0.0,0.0,0.0,0.0,0.0,0.0,0.0,0.0,0.0,0.0,0.0,0.8067846145327516,0.0,0.8079847784190075,0.0,0.0,0.8158807727655635,0.0,0.0,0.0,0.852247750873783,0.0,0.0,0.0,0.0,0.0,0.0,0.0,0.0,0.8081138769180095,0.0,0.0,0.0,0.0,0.0,0.0,0.0,0.0,0.0,0.0,0.0,0.0,1.0,0.0,0.0,0.0,0.0,0.0,0.0,0.0,0.0,0.7958370804219111,0.0,0.0,0.0,0.0,0.0,0.0,0.0,0.0,0.8151949609173214,0.0,0.8046660826531016,0.0,0.0,0.0,0.0
0.0,0.0,0.0,0.7954721000323307,0.7936739311444563,0.7936046448576776,0.0,0.7757973057447306,0.0,0.0,0.7762509725636993,0.7936937628299872,0.0,0.7737842935525487,0.7792879605628013,0.0,0.773547857331724,0.7786236601535668,0.7908878558632111,0.0,0.0,0.0,0.7763632804057367,0.0,0.0,0.7781924177458989,0.0,0.0,0.7932123946865959,0.0,0.0,0.0,0.0,0.0,0.7790626836819048,0.7762948572124301,0.973079719298675,0.7933294195127462,0.0,0.7726245874252633,0.0,0.0,0.7745350112964347,0.7947681912790141,0.0,0.774027508450332,0.0,0.0,0.7741254833592023,0.8122719795313665,0.0,0.7711325809434344,0.0,0.0,0.7897117541227852,0.0,0.0,0.0,0.0,0.7707027958068281,0.7938081037600714,0.7967792853849394,0.0,0.7937136103850337,0.0,0.0,0.793042717780026,0.0,0.7951965688436955,0.0,0.7731288706620056,0.0,0.0,0.7762607178493391,0.7937981401209105,0.7937086470071377,0.7696162837417059,0.7930620507376623,0.0,0.7901419578381472,0.7787421198935496,0.0,0.0,0.0,0.0,1.0,0.0,0.0,0.7872771662170085,0.0,0.7951229063525839,0.7762509725636993,0.0,0.0,0.7897202006443969,0.0,0.7779874783997884,0.7749054580028478,0.0,0.0,0.0,0.7759363636573856,0.0,0.7789807833378766,0.0,0.0,0.0,0.975212588008436,0.0
0.0,0.0,0.0,0.0,0.0,0.0,0.0,0.7402805419879223,0.0,0.0,0.0,0.0,0.0,0.0,0.0,0.0,0.0,0.0,0.0,0.9833993022662283,0.0,0.0,0.0,0.0,0.0,0.0,0.0,0.9855788971937446,0.0,0.9810882296800969,0.0,0.0,0.0,0.0,0.0,0.0,0.0,0.0,0.0,0.0,0.0,0.0,0.0,0.0,0.0,0.0,0.0,0.0,0.0,0.0,0.0,0.0,0.0,0.0,0.0,0.0,0.0,0.0,0.0,0.0,0.0,0.0,0.0,0.0,0.0,0.0,0.0,0.0,0.0,0.0,0.0,0.0,0.0,0.0,0.0,0.0,0.0,0.0,0.0,0.0,0.0,0.0,0.0,0.0,0.0,0.0,1.0,0.0,0.0,0.0,0.0,0.0,0.0,0.0,0.0,0.0,0.0,0.0,0.0,0.0,0.0,0.0,0.0,0.0,0.0,0.0,0.0,0.0,0.0
0.0,0.8158437555635534,0.0,0.0,0.0,0.0,0.0,0.0,0.0,0.0,0.0,0.0,0.0,0.0,0.0,0.0,0.0,0.0,0.0,0.0,0.0,0.0,0.0,0.0,0.0,0.0,0.0,0.0,0.0,0.0,0.0,0.0,0.0,0.0,0.0,0.0,0.0,0.0,0.8208942907354654,0.0,0.0,0.0,0.0,0.0,0.8190777808001999,0.0,0.7892246680861273,0.0,0.0,0.0,0.0,0.0,0.0,0.0,0.0,0.0,0.7997750519868059,0.0,0.0,0.0,0.0,0.0,0.0,0.0,0.0,0.0,0.0,0.8249839956104071,0.0,0.7894847841005377,0.0,0.0,0.0,0.0,0.0,0.0,0.0,0.0,0.816447923868095,0.0,0.0,0.0,0.0,0.0,0.0,0.0,0.0,1.0,0.0,0.0,0.0,0.0,0.0,0.0,0.0,0.0,0.0,0.0,0.0,0.0,0.8215390006938648,0.0,0.0,0.0,0.0,0.8112855137615189,0.0,0.0,0.0
0.0,0.0,0.0,0.8175088374173297,0.8024478194876894,0.7919557089433602,0.0,0.9711598301314859,0.0,0.0,0.0,0.7745259357954323,0.0,0.7723120885573398,0.7774543917258598,0.0,0.772089568630175,0.7768377385292499,0.8130867378837033,0.0,0.8199613137690082,0.0,0.9712906839311529,0.0,0.0,0.7939931565743085,0.0,0.0,0.7740853547401032,0.0,0.0,0.8203152306614099,0.0,0.8275068835589828,0.0,0.9788422255795288,0.8158169335470511,0.7741925126672834,0.0,0.0,0.0,0.8152136343871821,0.819013652541638,0.9805034505602666,0.0,0.7725408580560994,0.0,0.0,0.8138055729868297,0.8212097004802152,0.0,0.769809538920031,0.8292664200128345,0.7740898101896959,0.8061208915114361,0.8252540192868751,0.0,0.0,0.0,0.7867998423100477,0.8159095526468285,0.7949136375409791,0.0,0.7745440902016211,0.0,0.0,0.824067656004894,0.0,0.7758979231272487,0.0,0.7891440701496973,0.0,0.0,0.9789358768057357,0.8100480485600027,0.7745395503233478,0.7960906930091918,0.7739476412878876,0.0,0.7887023899866353,0.7769477872590144,0.0,0.0,0.7744263292440754,0.0,0.7872771662170085,0.0,0.0,1.0,0.0,0.7758307984976874,0.8159047537434353,0.7715380767353766,0.0,0.8393733037209296,0.0,0.7762461013886259,0.0,0.0,0.7746715537268986,0.0,0.7743316311780468,0.7923096425509703,0.77716939245201,0.772386720156517,0.0,0.9546559437119353,0.7980050748242637,0.0
0.0,0.0,0.7751183860967783,0.0,0.0,0.0,0.0,0.0,0.0,0.0,0.0,0.0,0.8195614157587771,0.0,0.0,0.0,0.8020655902158365,0.0,0.0,0.0,0.0,0.0,0.0,0.0,0.0,0.0,0.7777946327918056,0.0,0.0,0.0,0.8971649628449364,0.7764957868529478,0.8118951971843539,0.0,0.0,0.0,0.0,0.0,0.0,0.0,0.0,0.7761925829247096,0.0,0.0,0.0,0.0,0.0,0.0,0.0,0.0,0.0,0.0,0.0,0.0,0.0,0.0,0.0,0.0,0.7776858566755055,0.0,0.0,0.0,0.0,0.0,0.0,0.0,0.0,0.0,0.0,0.0,0.0,0.7774851266189803,0.8976855725275878,0.0,0.0,0.0,0.0,0.0,0.0,0.0,0.0,0.8997218272730222,0.0,0.0,0.0,0.0,0.0,0.0,0.0,1.0,0.0,0.0,0.0,0.7759123311853936,0.0,0.0,0.0,0.0,0.0,0.0,0.0,0.0,0.7770936178103063,0.0,0.0,0.0,0.0,0.0,0.0
0.0,0.0,0.0,0.7866390437174531,0.7841594459244107,0.8017941331062634,0.0,0.0,0.0,0.0,0.7843352701675441,0.8019179944343351,0.0,0.7809615059745438,0.7886740338199327,0.0,0.7806443123527719,0.0,0.7804466931112409,0.0,0.0,0.0,0.0,0.0,0.0,0.0,0.0,0.0,0.8012509289982012,0.0,0.0,0.0,0.0,0.0,0.7883442689079744,0.0,0.7953074736196808,0.8014126568203578,0.0,0.0,0.0,0.0,0.0,0.785659897594017,0.0,0.781288867906709,0.0,0.0,0.7814210517544016,0.0,0.0,0.7774595115087711,0.0,0.0,0.807020122937385,0.0,0.0,0.0,0.0,0.7769027070144916,0.7843420578931989,0.8063173575517403,0.0,0.8019456025134658,0.0,0.0,0.8250465854813614,0.0,0.8040327710619135,0.0,0.7800846959523011,0.0,0.0,0.0,0.7843284843211046,0.8019386976417805,0.7755073825413832,0.783331319133065,0.0,0.7794763692561418,0.7878773444114308,0.0,0.0,0.0,0.0,0.7951229063525839,0.0,0.0,0.7758307984976874,0.0,1.0,0.7843352701675441,0.0,0.0,0.7789317750663842,0.0,0.8045790091384829,0.7824799098248646,0.0,0.0,0.0,0.7838980526502354,0.0,0.7882247175265479,0.0,0.0,0.0,0.7956163780526663,0.0
0.0,0.0,0.0,0.7847873407207923,0.7824799098248646,0.78239198782253,0.7830334833890509,0.7820557915023114,0.0,0.0,0.7826440370091411,0.8001986519915532,0.0,0.8258624240967468,0.7866688802103129,0.0,0.7791833047674437,0.0,0.8461931795099089,0.0,0.0,0.7820805369729525,0.824504009374002,0.0,0.0,0.0,0.0,0.0,0.7995753347987113,0.0,0.0,0.0,0.0,0.8594005426636988,0.8041455957753073,0.8334070609230945,0.8044311644147571,0.782043428156429,0.0,0.7780241354184202,0.0,0.0,0.0,0.0,0.0,0.8425019586441405,0.0,0.0,0.779914187469114,0.8191154693821501,0.0,0.793723540121442,0.0,0.0,0.777556992927436,0.0,0.0,0.0,0.0,0.8425516473055887,0.7826503716432254,0.7864978128487278,0.7792769229585483,0.7825302932748083,0.0,0.0,0.8233362757811594,0.0,0.7844304698027494,0.0,0.7962624381752166,0.0,0.0,0.8333597846005284,0.7826377040153305,0.7825239896635844,0.80225131560681,0.7817058645504912,0.0,0.7780818512001159,0.7859336242463887,0.0,0.7799822477989169,0.7823669252117492,0.0,0.7762509725636993,0.0,0.0,0.8159047537434353,0.0,0.7843352701675441,1.0,0.7784470449480482,0.7813849305902105,0.8590964668252197,0.0,0.0,0.7809083532074358,0.0,0.0,0.0,0.8239200830802078,0.0,0.7862544296594567,0.0,0.0,0.0,0.7767083208685586,0.0
0.0,0.0,0.0,0.0,0.0,0.7782346709226561,0.7787745274270617,0.0,0.0,0.0,0.0,0.7783300098293148,0.0,0.0,0.0,0.0,0.0,0.0,0.0,0.0,0.0,0.7779717851524902,0.0,0.0,0.0,0.0,0.0,0.0,0.0,0.0,0.0,0.0,0.0,0.0,0.0,0.7784950857169931,0.0,0.0,0.0,0.0,0.0,0.0,0.7765746520048635,0.7794819328115894,0.0,0.7760230783071883,0.0,0.0,0.0,0.0,0.0,0.0,0.0,0.0,0.0,0.0,0.0,0.7778934705121797,0.0,0.0,0.0,0.0,0.0,0.0,0.0,0.0,0.0,0.0,0.0,0.0,0.0,0.0,0.0,0.7784577124788181,0.0,0.7783459360439594,0.0,0.0,0.0,0.0,0.0,0.0,0.0,0.0,0.0,0.0,0.0,0.0,0.7715380767353766,0.0,0.0,0.7784470449480482,1.0,0.0,0.0,0.0,0.0,0.0,0.0,0.0,0.0,0.0,0.0,0.0,0.0,0.0,0.0,0.0,0.0
0.795201838815408,0.0,0.8073547153459619,0.0,0.0,0.0,0.0,0.0,0.0,0.0,0.0,0.0,0.7729369353039698,0.0,0.0,0.7827965228749723,0.0,0.0,0.0,0.0,0.8161397578537404,0.0,0.0,0.0,0.7792990031719903,0.0,0.8241441243520604,0.0,0.0,0.0,0.7774134722569742,0.8224970905768474,0.7742238566791012,0.0,0.0,0.0,0.0,0.0,0.0,0.7769778873234754,0.0,0.8221150602520239,0.0,0.0,0.0,0.0,0.0,0.0,0.0,0.0,0.0,0.0,0.0,0.8163830583879322,0.7765302588234507,0.7996193455925854,0.0,0.0,0.8240055159109807,0.0,0.0,0.0,0.7957722816023272,0.0,0.0,0.0,0.0,0.0,0.0,0.0,0.0,0.8237500631976458,0.7779404290156041,0.0,0.0,0.0,0.0,0.0,0.0,0.0,0.0,0.7771795136243905,0.0,0.0,0.7958370804219111,0.0,0.0,0.0,0.0,0.7759123311853936,0.0,0.7813849305902105,0.0,1.0,0.0,0.0,0.0,0.0,0.0,0.0,0.0,0.0,0.8232530321695384,0.0,0.8199519425682683,0.0,0.7815236861586592,0.0,0.0
0.0,0.0,0.0,0.7792934812414996,0.7774339233763944,0.7773624196528072,0.0,0.8233266569920543,0.0,0.0,0.7775672769167203,0.8055007133850983,0.0,0.8318919911096007,0.7984394432132493,0.0,0.774721812884784,0.7800789930785161,0.8502595935529784,0.0,0.0,0.0,0.8467906867605097,0.0,0.0,0.7796214362674772,0.0,0.0,0.8183608781503726,0.0,0.0,0.0,0.0,0.8605045488114041,0.7805453025988288,0.850367067094818,0.8291367357831605,0.7770784912129971,0.0,0.0,0.0,0.0,0.0,0.8325812262950059,0.0,0.8290104716360629,0.0,0.0,0.7753285123176541,0.8136777510235075,0.0,0.8444385762266706,0.0,0.0,0.7733612240716142,0.0,0.0,0.0,0.0,0.8338083554722052,0.7775724205440009,0.7806501489894259,0.0,0.7774748773339731,0.0,0.0,0.8306758641775065,0.0,0.7790080528491734,0.0,0.7742821749361162,0.0,0.0,0.8503276513188096,0.7775621343780165,0.8055166301700993,0.8240747268765034,0.7768028273818766,0.0,0.7912986714893897,0.7978463153172823,0.0,0.8033565191834098,0.7773420286143211,0.0,0.7897202006443969,0.0,0.0,0.8393733037209296,0.0,0.7789317750663842,0.8590964668252197,0.0,0.0,1.0,0.0,0.0,0.7761488827506916,0.0,0.0,0.0,0.8234820657874773,0.0,0.798105555548034,0.0,0.0,0.0,0.7901161906568616,0.0
0.0,0.0,0.0,0.0,0.8291055296956269,0.0,0.0,0.0,0.0,0.0,0.7827074573005471,0.0,0.0,0.0,0.7867436302529212,0.0,0.0,0.0,0.0,0.0,0.0,0.0,0.0,0.0,0.0,0.0,0.0,0.0,0.0,0.0,0.0,0.0,0.0,0.0,0.0,0.0,0.0,0.0,0.0,0.0,0.0,0.0,0.0,0.0,0.0,0.0,0.0,0.0,0.0,0.81918357297162,0.0,0.0,0.0,0.0,0.0,0.0,0.0,0.8495089520395387,0.0,0.7756923430390371,0.7827138083834864,0.0,0.0,0.0,0.0,0.0,0.0,0.0,0.0,0.0,0.0,0.0,0.0,0.0,0.7827011078662764,0.0,0.0,0.0,0.0,0.7781344392410147,0.7860061675507909,0.0,0.0,0.8556336747651586,0.0,0.0,0.0,0.0,0.0,0.0,0.0,0.0,0.0,0.0,0.0,1.0,0.0,0.0,0.0,0.0,0.0,0.0,0.0,0.7863279279188118,0.0,0.0,0.0,0.0,0.0
0.0,0.0,0.0,0.0,0.0,0.7846494673034865,0.0,0.0,0.0,0.0,0.0,0.7847735184448672,0.0,0.0,0.0,0.7865646105386196,0.0,0.0,0.0,0.0,0.0,0.0,0.7850864194351681,0.0,0.0,0.7877444336869327,0.0,0.0,0.7841055989695607,0.0,0.0,0.0,0.0,0.7837054755131743,0.0,0.0,0.7781713186558498,0.8020009100813655,0.0,0.0,0.0,0.0,0.782511387313807,0.7862838025867371,0.0,0.0,0.0,0.0,0.0,0.0,0.0,0.0,0.0,0.0,0.7970162642240974,0.0,0.0,0.0,0.0,0.0,0.0,0.7891895032637665,0.0,0.784801170791463,0.0,0.0,0.812149212485117,0.0,0.7868938155967413,0.0,0.0,0.0,0.0,0.0,0.0,0.7847942547812435,0.0,0.0,0.0,0.0,0.0,0.0,0.0,0.0,0.0,0.7779874783997884,0.0,0.0,0.7762461013886259,0.0,0.8045790091384829,0.0,0.0,0.0,0.0,0.0,1.0,0.0,0.0,0.0,0.0,0.0,0.0,0.0,0.0,0.0,0.0,0.7784790615839944,0.0
0.0,0.0,0.0,0.7828987107691668,0.7807554479353163,0.7806735095102582,0.0,0.0,0.0,0.0,0.7809083532074358,0.7807789095467212,0.0,0.7779508765682351,0.784635722501928,0.0,0.7776703568971065,0.0,0.7774953802294073,0.0,0.0,0.0,0.0,0.0,0.0,0.0,0.0,0.0,0.7802104978802765,0.0,0.0,0.0,0.0,0.0,0.7843556389862547,0.0,0.7750672979497489,0.780348480716689,0.0,0.0,0.0,0.0,0.0,0.0,0.0,0.7782399577352468,0.0,0.0,0.7783565593167067,0.0,0.0,0.7748318327280116,0.7996823529240401,0.0,0.776139182283978,0.0,0.0,0.0,0.0,0.7743316311780468,0.7809142533567079,0.7844782086258922,0.0,0.7808023937397629,0.0,0.0,0.7800106624557697,0.0,0.7825681491028363,0.0,0.7771744525109666,0.0,0.0,0.0,0.7809024544843323,0.7807965205721339,0.7730732658583082,0.7976710934534136,0.0,0.7766339695194308,0.7839581271211393,0.0,0.0,0.0,0.0,0.7749054580028478,0.0,0.0,0.0,0.0,0.7824799098248646,0.7809083532074358,0.0,0.0,0.7761488827506916,0.0,0.0,1.0,0.0,0.0,0.0,0.7805278719303665,0.0,0.784253963746209,0.7780451071271878,0.0,0.0,0.7753378936937895,0.0
0.0,0.0,0.0,0.0,0.0,0.0,0.0,0.0,0.9832965738840234,0.0,0.0,0.0,0.0,0.0,0.0,0.0,0.7401369018878209,0.0,0.0,0.0,0.0,0.0,0.0,0.0,0.0,0.0,0.0,0.0,0.0,0.7592350712690751,0.0,0.0,0.0,0.7405726872949216,0.0,0.0,0.0,0.0,0.0,0.0,0.0,0.0,0.0,0.0,0.0,0.0,0.0,0.0,0.0,0.0,0.9833753034344602,0.0,0.0,0.0,0.0,0.0,0.0,0.0,0.0,0.0,0.0,0.0,0.0,0.0,0.0,0.9815586001061646,0.7405997248921548,0.0,0.0,0.0,0.0,0.0,0.0,0.0,0.0,0.0,0.0,0.0,0.0,0.0,0.0,0.0,0.0,0.0,0.0,0.0,0.0,0.0,0.0,0.0,0.0,0.0,0.0,0.0,0.0,0.0,0.0,0.0,1.0,0.740778969578496,0.0,0.0,0.0,0.0,0.0,0.0,0.0,0.0,0.0
0.0,0.0,0.0,0.0,0.0,0.0,0.0,0.0,0.7431842870565217,0.0,0.0,0.0,0.0,0.0,0.0,0.0,0.7792383306931395,0.0,0.0,0.0,0.0,0.0,0.0,0.0,0.0,0.0,0.8121078476957125,0.0,0.0,0.0,0.0,0.7998659776601315,0.0,0.7992632065863172,0.0,0.0,0.0,0.0,0.0,0.0,0.0,0.0,0.0,0.0,0.0,0.0,0.0,0.0,0.0,0.0,0.7431226714330276,0.0,0.8305271874719966,0.0,0.0,0.0,0.0,0.0,0.0,0.0,0.0,0.0,0.7793321610739037,0.0,0.0,0.7504060215227121,0.7994187832215653,0.0,0.0,0.0,0.0,0.0,0.0,0.0,0.0,0.0,0.0,0.0,0.0,0.0,0.0,0.0,0.0,0.0,0.0,0.0,0.0,0.0,0.7746715537268986,0.0,0.0,0.0,0.0,0.0,0.0,0.0,0.0,0.0,0.740778969578496,1.0,0.0,0.0,0.0,0.0,0.0,0.0,0.0,0.0,0.0
0.0,0.8229951220542109,0.0,0.0,0.0,0.0,0.0,0.0,0.0,0.0,0.0,0.0,0.0,0.0,0.0,0.0,0.0,0.0,0.0,0.0,0.0,0.0,0.0,0.0,0.0,0.0,0.0,0.0,0.0,0.0,0.0,0.0,0.0,0.0,0.0,0.0,0.0,0.0,0.9844119800484946,0.0,0.0,0.0,0.0,0.0,0.9845019966304703,0.0,0.8105108753984787,0.0,0.0,0.0,0.0,0.0,0.0,0.0,0.0,0.0,0.810722428418682,0.0,0.0,0.0,0.0,0.0,0.0,0.0,0.0,0.0,0.0,0.9844208951539248,0.0,0.8108597671066972,0.0,0.0,0.0,0.0,0.0,0.0,0.0,0.0,0.9347246912954792,0.0,0.0,0.0,0.0,0.0,0.0,0.0,0.0,0.8215390006938648,0.0,0.0,0.0,0.0,0.0,0.0,0.0,0.0,0.0,0.0,0.0,0.0,1.0,0.0,0.0,0.0,0.0,0.8186222460121814,0.0,0.0,0.0
0.0,0.0,0.0,0.7843420578931989,0.799758172016977,0.799669738742137,0.0,0.0,0.0,0.0,0.7822357663787677,0.799783496248864,0.0,0.8072294325863841,0.7861884686802311,0.0,0.7788286360666711,0.0,0.7786451554385411,0.0,0.0,0.0,0.8106034443726328,0.0,0.0,0.0,0.0,0.0,0.7814994980528399,0.0,0.0,0.0,0.0,0.8276186432482019,0.8036603065562755,0.7822918911648888,0.7761052611707123,0.7816449873207574,0.0,0.0,0.0,0.0,0.0,0.7834488572424423,0.0,0.8258035386316098,0.0,0.0,0.779548794779318,0.0,0.0,0.7758595434436998,0.0,0.0,0.777225111167717,0.0,0.0,0.0,0.0,0.8166546318186351,0.7822419961065609,0.7860207019576596,0.0,0.7821239019257843,0.0,0.0,0.8170204487961337,0.0,0.7839915655911293,0.0,0.7783087910852395,0.0,0.0,0.7822482274223803,0.7822295382382043,0.7821177022198206,0.8094269972500818,0.7813128481687305,0.0,0.777742773920506,0.7854672455252991,0.0,0.7796158407644306,0.0,0.0,0.7759363636573856,0.0,0.0,0.7743316311780468,0.0,0.7838980526502354,0.8239200830802078,0.0,0.0,0.8234820657874773,0.0,0.0,0.7805278719303665,0.0,0.0,0.0,1.0,0.0,0.785781977224525,0.0,0.0,0.0,0.7763877641027532,0.0
0.8145100875638842,0.0,0.8163037308914194,0.0,0.0,0.0,0.0,0.0,0.0,0.0,0.8111149237601727,0.0,0.7739786694097268,0.0,0.0,0.7843760247456015,0.0,0.0,0.0,0.0,0.9368563228835957,0.0,0.0,0.0,0.8222622699635264,0.0,0.9549231758423952,0.0,0.0,0.0,0.7786720512752052,0.9446299609384117,0.7753238229913936,0.0,0.0,0.0,0.0,0.0,0.0,0.0,0.0,0.9401196467651143,0.0,0.0,0.0,0.0,0.0,0.0,0.0,0.0,0.0,0.0,0.834852474309217,0.936249963890243,0.0,0.9597533670788368,0.0,0.0,0.958598920004185,0.0,0.0,0.0,0.8075956328561623,0.0,0.0,0.0,0.0,0.0,0.0,0.0,0.0,0.913468183629192,0.7792273155559426,0.0,0.0,0.0,0.0,0.0,0.0,0.0,0.0,0.778425723909952,0.0,0.0,0.8151949609173214,0.0,0.0,0.0,0.7923096425509703,0.7770936178103063,0.0,0.0,0.0,0.8232530321695384,0.0,0.0,0.0,0.0,0.0,0.0,0.0,0.0,1.0,0.0,0.849075561340378,0.0,0.0,0.0,0.0
0.0,0.0,0.0,0.8065900241587753,0.8038384004338034,0.7859626158620809,0.0,0.7855740877481183,0.0,0.0,0.7862544296594567,0.7860935032729902,0.0,0.8003213187036817,0.8886959891001005,0.0,0.7822856487105315,0.7899195306369298,0.799758172016977,0.0,0.0,0.0,0.7864238054931448,0.0,0.0,0.7892391623045876,0.0,0.0,0.7853891890751161,0.0,0.0,0.0,0.0,0.0,0.7906191839764968,0.7863205681919868,0.7791723144882776,0.7855598152220288,0.0,0.0,0.0,0.0,0.7837120909596312,0.7876899136293007,0.0,0.8112211307472552,0.0,0.0,0.7831172875878166,0.0,0.0,0.7788937256217444,0.0,0.0,0.7980937132527487,0.0,0.0,0.0,0.0,0.7783034892903337,0.8040402769690893,0.7907773909389609,0.0,0.7861226843183317,0.0,0.0,0.7851424665337676,0.0,0.7883362807403429,0.0,0.7816875854461127,0.0,0.0,0.7862691117339187,0.8040252673963107,0.7861153858066824,0.7768277587915934,0.7851705381676807,0.0,0.7986988885973749,0.8926903619843098,0.0,0.0,0.7859336242463887,0.0,0.7789807833378766,0.0,0.0,0.77716939245201,0.0,0.7882247175265479,0.7862544296594567,0.0,0.0,0.798105555548034,0.7863279279188118,0.0,0.784253963746209,0.0,0.0,0.0,0.785781977224525,0.0,1.0,0.0,0.0,0.0,0.7794930637360776,0.0
0.8040628081532476,0.0,0.8131501763138755,0.0,0.0,0.0,0.0,0.0,0.0,0.0,0.0,0.0,0.0,0.0,0.0,0.0,0.0,0.0,0.0,0.0,0.8458810037753046,0.0,0.0,0.0,0.8190787686448118,0.0,0.8499295489993856,0.0,0.0,0.0,0.0,0.8483494771093348,0.0,0.0,0.0,0.0,0.0,0.0,0.0,0.0,0.0,0.8479819821059167,0.0,0.0,0.0,0.0,0.0,0.0,0.0,0.0,0.0,0.0,0.0,0.8461162662527547,0.0,0.8402454596481462,0.0,0.0,0.8516902439959216,0.0,0.0,0.0,0.8179729006619705,0.0,0.0,0.0,0.0,0.0,0.0,0.0,0.0,0.8453381551240516,0.0,0.0,0.0,0.0,0.0,0.0,0.0,0.0,0.0,0.0,0.0,0.0,0.8046660826531016,0.0,0.0,0.0,0.772386720156517,0.0,0.0,0.0,0.0,0.8199519425682683,0.0,0.0,0.0,0.7780451071271878,0.0,0.0,0.0,0.0,0.849075561340378,0.0,1.0,0.0,0.7797111395293588,0.0,0.0
0.0,0.8243439524973849,0.0,0.0,0.0,0.0,0.0,0.0,0.0,0.0,0.0,0.0,0.0,0.0,0.0,0.0,0.0,0.0,0.0,0.0,0.0,0.0,0.0,0.0,0.0,0.0,0.0,0.0,0.0,0.0,0.0,0.0,0.0,0.0,0.0,0.0,0.0,0.0,0.8178569557263569,0.0,0.0,0.0,0.0,0.0,0.8153294818309563,0.0,0.7988204859984902,0.0,0.0,0.0,0.0,0.0,0.0,0.0,0.0,0.0,0.8077260619792104,0.0,0.0,0.0,0.0,0.0,0.0,0.0,0.0,0.0,0.0,0.8178540782179251,0.0,0.7991270961786693,0.0,0.0,0.0,0.0,0.0,0.0,0.0,0.0,0.815192044423712,0.0,0.0,0.0,0.0,0.0,0.0,0.0,0.0,0.8112855137615189,0.0,0.0,0.0,0.0,0.0,0.0,0.0,0.0,0.0,0.0,0.0,0.0,0.8186222460121814,0.0,0.0,0.0,0.0,1.0,0.0,0.0,0.0
0.0,0.0,0.0,0.0,0.0,0.0,0.0,0.0,0.0,0.0,0.0,0.0,0.0,0.0,0.0,0.0,0.0,0.0,0.0,0.0,0.7817974657976748,0.0,0.0,0.0,0.0,0.7853608663462742,0.8016435738651301,0.0,0.0,0.0,0.0,0.7999487321456422,0.0,0.0,0.0,0.0,0.0,0.0,0.0,0.0,0.0,0.0,0.0,0.0,0.0,0.0,0.0,0.0,0.0,0.0,0.0,0.0,0.8415545834843311,0.0,0.7776755223915878,0.0,0.0,0.0,0.0,0.0,0.0,0.0,0.0,0.0,0.0,0.0,0.0,0.0,0.0,0.0,0.0,0.801237498710789,0.0,0.0,0.0,0.0,0.0,0.781846460593697,0.0,0.0,0.0,0.0,0.0,0.0,0.0,0.0,0.0,0.0,0.9546559437119353,0.0,0.0,0.0,0.0,0.7815236861586592,0.0,0.0,0.0,0.0,0.0,0.0,0.0,0.0,0.0,0.0,0.7797111395293588,0.0,1.0,0.0,0.0
0.0,0.0,0.0,0.7959726226540833,0.7941391689766822,0.7940685729567263,0.0,0.7937981401209105,0.0,0.0,0.7767083208685586,0.7941593762098099,0.0,0.7741969878978665,0.7798068124851752,0.0,0.7739565024045257,0.779128402911208,0.7913031745918494,0.0,0.0,0.0,0.7943878485087047,0.0,0.0,0.7786882030582793,0.0,0.0,0.7936689756997589,0.0,0.0,0.0,0.0,0.0,0.7795767081860348,0.7943165426187268,0.9741979773610424,0.7937881804821318,0.0,0.7730177887442529,0.0,0.0,0.7749608242342326,0.8057244694039168,0.0,0.7744444090611124,0.0,0.0,0.7745440902016211,0.8186317360881262,0.0,0.7715020220503234,0.0,0.0,0.790107607568511,0.0,0.0,0.0,0.0,0.7710656566636359,0.7942758881737747,0.7973070888158379,0.0,0.79417959990976,0.0,0.0,0.7934961560034351,0.0,0.7956915198021904,0.0,0.7735304351800757,0.0,0.0,0.794280966339434,0.7942657349582337,0.794174542439563,0.7699630154331618,0.7935158459796157,0.0,0.7905448258121457,0.7792493508152312,0.0,0.0,0.0,0.0,0.975212588008436,0.0,0.0,0.7980050748242637,0.0,0.7956163780526663,0.7767083208685586,0.0,0.0,0.7901161906568616,0.0,0.7784790615839944,0.7753378936937895,0.0,0.0,0.0,0.7763877641027532,0.0,0.7794930637360776,0.0,0.0,0.0,1.0,0.0
0.0,0.0,0.0,0.0,0.0,0.0,0.0,0.0,0.0,0.8466007855669876,0.0,0.0,0.0,0.0,0.0,0.0,0.0,0.0,0.0,0.0,0.0,0.0,0.0,0.8268353583453343,0.0,0.0,0.0,0.0,0.0,0.0,0.0,0.0,0.0,0.0,0.0,0.0,0.0,0.0,0.0,0.0,0.965039247524988,0.0,0.0,0.0,0.0,0.0,0.0,0.9373743103678955,0.0,0.0,0.0,0.0,0.0,0.0,0.0,0.0,0.0,0.0,0.0,0.0,0.0,0.0,0.0,0.0,0.8335898201193901,0.0,0.0,0.0,0.0,0.0,0.0,0.0,0.0,0.0,0.0,0.0,0.0,0.0,0.0,0.0,0.0,0.0,0.0,0.0,0.0,0.0,0.0,0.0,0.0,0.0,0.0,0.0,0.0,0.0,0.0,0.0,0.0,0.0,0.0,0.0,0.0,0.0,0.0,0.0,0.0,0.0,0.0,0.0,1.0
